{"type":"FeatureCollection","features":[{"type":"Feature","geometry":{"type":"Polygon","coordinates":[[[-84.4409453,30.8384578],[-84.4404301,30.838219],[-84.4403668,30.8373717],[-84.4412469,30.8373488],[-84.4412904,30.8384081],[-84.4409453,30.8384578]]]},"properties":{"track_name":"Night Track / Vet Track","day_of_week":"Wednesday","date":"2026-08-19","status":"","open_time":"","close_time":"","session":"Morning","notes":"","active":"No","display_name":"Night\nTrack\nVet\nTrack"}},{"type":"Feature","geometry":{"type":"Polygon","coordinates":[[[-84.4409453,30.8384578],[-84.4404301,30.838219],[-84.4403668,30.8373717],[-84.4412469,30.8373488],[-84.4412904,30.8384081],[-84.4409453,30.8384578]]]},"properties":{"track_name":"Night Track / Vet Track","day_of_week":"Wednesday","date":"2026-08-19","status":"","open_time":"","close_time":"","session":"Afternoon","notes":"","active":"No","display_name":"Night\nTrack\nVet\nTrack"}},{"type":"Feature","geometry":{"type":"Polygon","coordinates":[[[-84.4409453,30.8384578],[-84.4404301,30.838219],[-84.4403668,30.8373717],[-84.4412469,30.8373488],[-84.4412904,30.8384081],[-84.4409453,30.8384578]]]},"properties":{"track_name":"Night Track / Vet Track","day_of_week":"Wednesday","date":"2026-08-19","status":"","open_time":"","close_time":"","session":"Evening","notes":"","active":"No","display_name":"Night\nTrack\nVet\nTrack"}},{"type":"Feature","geometry":{"type":"Polygon","coordinates":[[[-84.4402749,30.8364069],[-84.4412349,30.8364187],[-84.4412469,30.8373488],[-84.44021685,30.83733603],[-84.44004073,30.83647645],[-84.4402749,30.8364069]]]},"properties":{"track_name":"Amateur Supercross Track","day_of_week":"Wednesday","date":"2026-08-19","status":"","open_time":"","close_time":"","session":"Morning","notes":"","active":"No","display_name":"Amateur\nSupercross\nTrack"}},{"type":"Feature","geometry":{"type":"Polygon","coordinates":[[[-84.4402749,30.8364069],[-84.4412349,30.8364187],[-84.4412469,30.8373488],[-84.44021685,30.83733603],[-84.44004073,30.83647645],[-84.4402749,30.8364069]]]},"properties":{"track_name":"Amateur Supercross Track","day_of_week":"Wednesday","date":"2026-08-19","status":"","open_time":"","close_time":"","session":"Afternoon","notes":"","active":"No","display_name":"Amateur\nSupercross\nTrack"}},{"type":"Feature","geometry":{"type":"Polygon","coordinates":[[[-84.4402749,30.8364069],[-84.4412349,30.8364187],[-84.4412469,30.8373488],[-84.44021685,30.83733603],[-84.44004073,30.83647645],[-84.4402749,30.8364069]]]},"properties":{"track_name":"Amateur Supercross Track","day_of_week":"Wednesday","date":"2026-08-19","status":"","open_time":"","close_time":"","session":"Evening","notes":"","active":"No","display_name":"Amateur\nSupercross\nTrack"}},{"type":"Feature","geometry":{"type":"Polygon","coordinates":[[[-84.44111,30.8361674],[-84.441133,30.8360654],[-84.4412321,30.8354943],[-84.440814,30.8354136],[-84.4403742,30.8355287],[-84.4403329,30.836279],[-84.44111,30.8361674]]]},"properties":{"track_name":"Pro Supercross Track","day_of_week":"Wednesday","date":"2026-08-19","status":"","open_time":"","close_time":"","session":"Morning","notes":"","active":"No","display_name":"Pro\nSupercross\nTrack"}},{"type":"Feature","geometry":{"type":"Polygon","coordinates":[[[-84.44111,30.8361674],[-84.441133,30.8360654],[-84.4412321,30.8354943],[-84.440814,30.8354136],[-84.4403742,30.8355287],[-84.4403329,30.836279],[-84.44111,30.8361674]]]},"properties":{"track_name":"Pro Supercross Track","day_of_week":"Wednesday","date":"2026-08-19","status":"","open_time":"","close_time":"","session":"Afternoon","notes":"","active":"No","display_name":"Pro\nSupercross\nTrack"}},{"type":"Feature","geometry":{"type":"Polygon","coordinates":[[[-84.44111,30.8361674],[-84.441133,30.8360654],[-84.4412321,30.8354943],[-84.440814,30.8354136],[-84.4403742,30.8355287],[-84.4403329,30.836279],[-84.44111,30.8361674]]]},"properties":{"track_name":"Pro Supercross Track","day_of_week":"Wednesday","date":"2026-08-19","status":"","open_time":"","close_time":"","session":"Evening","notes":"","active":"No","display_name":"Pro\nSupercross\nTrack"}},{"type":"Feature","geometry":{"type":"Polygon","coordinates":[[[-84.4397819,30.8410012],[-84.4392803,30.8412015],[-84.4390587,30.8412315],[-84.4385804,30.8406707],[-84.4380555,30.8401399],[-84.4376939,30.8396692],[-84.4374723,30.8392485],[-84.4376589,30.838918],[-84.4377522,30.8386476],[-84.4380438,30.8383571],[-84.4382188,30.8381869],[-84.4388254,30.8383872],[-84.4393736,30.8385374],[-84.4399102,30.8387277],[-84.4405051,30.8394388],[-84.4400968,30.8396992],[-84.4402018,30.8399195],[-84.4406567,30.8404503],[-84.4402485,30.8407208],[-84.4397819,30.8410012]]]},"properties":{"track_name":"National Motocross Track","day_of_week":"Wednesday","date":"2026-08-19","status":"","open_time":"","close_time":"","session":"Morning","notes":"","active":"No","display_name":"National\nMotocross\nTrack"}},{"type":"Feature","geometry":{"type":"Polygon","coordinates":[[[-84.4397819,30.8410012],[-84.4392803,30.8412015],[-84.4390587,30.8412315],[-84.4385804,30.8406707],[-84.4380555,30.8401399],[-84.4376939,30.8396692],[-84.4374723,30.8392485],[-84.4376589,30.838918],[-84.4377522,30.8386476],[-84.4380438,30.8383571],[-84.4382188,30.8381869],[-84.4388254,30.8383872],[-84.4393736,30.8385374],[-84.4399102,30.8387277],[-84.4405051,30.8394388],[-84.4400968,30.8396992],[-84.4402018,30.8399195],[-84.4406567,30.8404503],[-84.4402485,30.8407208],[-84.4397819,30.8410012]]]},"properties":{"track_name":"National Motocross Track","day_of_week":"Wednesday","date":"2026-08-19","status":"","open_time":"","close_time":"","session":"Afternoon","notes":"","active":"No","display_name":"National\nMotocross\nTrack"}},{"type":"Feature","geometry":{"type":"Polygon","coordinates":[[[-84.4397819,30.8410012],[-84.4392803,30.8412015],[-84.4390587,30.8412315],[-84.4385804,30.8406707],[-84.4380555,30.8401399],[-84.4376939,30.8396692],[-84.4374723,30.8392485],[-84.4376589,30.838918],[-84.4377522,30.8386476],[-84.4380438,30.8383571],[-84.4382188,30.8381869],[-84.4388254,30.8383872],[-84.4393736,30.8385374],[-84.4399102,30.8387277],[-84.4405051,30.8394388],[-84.4400968,30.8396992],[-84.4402018,30.8399195],[-84.4406567,30.8404503],[-84.4402485,30.8407208],[-84.4397819,30.8410012]]]},"properties":{"track_name":"National Motocross Track","day_of_week":"Wednesday","date":"2026-08-19","status":"","open_time":"","close_time":"","session":"Evening","notes":"","active":"No","display_name":"National\nMotocross\nTrack"}},{"type":"Feature","geometry":{"type":"Polygon","coordinates":[[[-84.4372275,30.8370251],[-84.4373522,30.8364628],[-84.4373366,30.835887],[-84.4374146,30.8355522],[-84.4375862,30.8349229],[-84.4379136,30.8348518],[-84.4382879,30.8350125],[-84.438553,30.8353339],[-84.4385374,30.8358025],[-84.4383191,30.8367975],[-84.4379448,30.8371189],[-84.4372275,30.8370251]]]},"properties":{"track_name":"Sand Track","day_of_week":"Wednesday","date":"2026-08-19","status":"","open_time":"","close_time":"","session":"Morning","notes":"","active":"No","display_name":"Sand\nTrack"}},{"type":"Feature","geometry":{"type":"Polygon","coordinates":[[[-84.4372275,30.8370251],[-84.4373522,30.8364628],[-84.4373366,30.835887],[-84.4374146,30.8355522],[-84.4375862,30.8349229],[-84.4379136,30.8348518],[-84.4382879,30.8350125],[-84.438553,30.8353339],[-84.4385374,30.8358025],[-84.4383191,30.8367975],[-84.4379448,30.8371189],[-84.4372275,30.8370251]]]},"properties":{"track_name":"Sand Track","day_of_week":"Wednesday","date":"2026-08-19","status":"","open_time":"","close_time":"","session":"Afternoon","notes":"","active":"No","display_name":"Sand\nTrack"}},{"type":"Feature","geometry":{"type":"Polygon","coordinates":[[[-84.4372275,30.8370251],[-84.4373522,30.8364628],[-84.4373366,30.835887],[-84.4374146,30.8355522],[-84.4375862,30.8349229],[-84.4379136,30.8348518],[-84.4382879,30.8350125],[-84.438553,30.8353339],[-84.4385374,30.8358025],[-84.4383191,30.8367975],[-84.4379448,30.8371189],[-84.4372275,30.8370251]]]},"properties":{"track_name":"Sand Track","day_of_week":"Wednesday","date":"2026-08-19","status":"","open_time":"","close_time":"","session":"Evening","notes":"","active":"No","display_name":"Sand\nTrack"}},{"type":"Feature","geometry":{"type":"Polygon","coordinates":[[[-84.4397382,30.8355347],[-84.4401749,30.8355213],[-84.4402749,30.8364069],[-84.4397538,30.8363515],[-84.4397382,30.8355347]]]},"properties":{"track_name":"Drills Track","day_of_week":"Wednesday","date":"2026-08-19","status":"","open_time":"","close_time":"","session":"Morning","notes":"","active":"No","display_name":"Drills\nTrack"}},{"type":"Feature","geometry":{"type":"Polygon","coordinates":[[[-84.4397382,30.8355347],[-84.4401749,30.8355213],[-84.4402749,30.8364069],[-84.4397538,30.8363515],[-84.4397382,30.8355347]]]},"properties":{"track_name":"Drills Track","day_of_week":"Wednesday","date":"2026-08-19","status":"","open_time":"","close_time":"","session":"Afternoon","notes":"","active":"No","display_name":"Drills\nTrack"}},{"type":"Feature","geometry":{"type":"Polygon","coordinates":[[[-84.4397382,30.8355347],[-84.4401749,30.8355213],[-84.4402749,30.8364069],[-84.4397538,30.8363515],[-84.4397382,30.8355347]]]},"properties":{"track_name":"Drills Track","day_of_week":"Wednesday","date":"2026-08-19","status":"","open_time":"","close_time":"","session":"Evening","notes":"","active":"No","display_name":"Drills\nTrack"}},{"type":"Feature","geometry":{"type":"Polygon","coordinates":[[[-84.4369523,30.8387197],[-84.4365408,30.8382057],[-84.4365408,30.8374206],[-84.4375695,30.8373814],[-84.4378666,30.8381701],[-84.4374094,30.8385823],[-84.4369523,30.8387197]]]},"properties":{"track_name":"Lower Turn Track","day_of_week":"Wednesday","date":"2026-08-19","status":"","open_time":"","close_time":"","session":"Morning","notes":"","active":"No","display_name":"Lower\nTurn\nTrack"}},{"type":"Feature","geometry":{"type":"Polygon","coordinates":[[[-84.4369523,30.8387197],[-84.4365408,30.8382057],[-84.4365408,30.8374206],[-84.4375695,30.8373814],[-84.4378666,30.8381701],[-84.4374094,30.8385823],[-84.4369523,30.8387197]]]},"properties":{"track_name":"Lower Turn Track","day_of_week":"Wednesday","date":"2026-08-19","status":"","open_time":"","close_time":"","session":"Afternoon","notes":"","active":"No","display_name":"Lower\nTurn\nTrack"}},{"type":"Feature","geometry":{"type":"Polygon","coordinates":[[[-84.4369523,30.8387197],[-84.4365408,30.8382057],[-84.4365408,30.8374206],[-84.4375695,30.8373814],[-84.4378666,30.8381701],[-84.4374094,30.8385823],[-84.4369523,30.8387197]]]},"properties":{"track_name":"Lower Turn Track","day_of_week":"Wednesday","date":"2026-08-19","status":"","open_time":"","close_time":"","session":"Evening","notes":"","active":"No","display_name":"Lower\nTurn\nTrack"}},{"type":"Feature","geometry":{"type":"Polygon","coordinates":[[[-84.440356,30.8351075],[-84.4405692,30.8350836],[-84.4405878,30.8352189],[-84.4403839,30.8352587],[-84.440356,30.8351075]]]},"properties":{"track_name":"Gym","day_of_week":"Wednesday","date":"2026-08-19","status":"","open_time":"","close_time":"","session":"Morning","notes":"","active":"No","display_name":"Gym"}},{"type":"Feature","geometry":{"type":"Polygon","coordinates":[[[-84.440356,30.8351075],[-84.4405692,30.8350836],[-84.4405878,30.8352189],[-84.4403839,30.8352587],[-84.440356,30.8351075]]]},"properties":{"track_name":"Gym","day_of_week":"Wednesday","date":"2026-08-19","status":"","open_time":"","close_time":"","session":"Afternoon","notes":"","active":"No","display_name":"Gym"}},{"type":"Feature","geometry":{"type":"Polygon","coordinates":[[[-84.440356,30.8351075],[-84.4405692,30.8350836],[-84.4405878,30.8352189],[-84.4403839,30.8352587],[-84.440356,30.8351075]]]},"properties":{"track_name":"Gym","day_of_week":"Wednesday","date":"2026-08-19","status":"","open_time":"","close_time":"","session":"Evening","notes":"","active":"No","display_name":"Gym"}},{"type":"Feature","geometry":{"type":"Polygon","coordinates":[[[-84.4409453,30.8384578],[-84.4404301,30.838219],[-84.4403668,30.8373717],[-84.4412469,30.8373488],[-84.4412904,30.8384081],[-84.4409453,30.8384578]]]},"properties":{"track_name":"Night Track / Vet Track","day_of_week":"Thursday","date":"2026-08-20","status":"","open_time":"","close_time":"","session":"Morning","notes":"","active":"No","display_name":"Night\nTrack\nVet\nTrack"}},{"type":"Feature","geometry":{"type":"Polygon","coordinates":[[[-84.4409453,30.8384578],[-84.4404301,30.838219],[-84.4403668,30.8373717],[-84.4412469,30.8373488],[-84.4412904,30.8384081],[-84.4409453,30.8384578]]]},"properties":{"track_name":"Night Track / Vet Track","day_of_week":"Thursday","date":"2026-08-20","status":"","open_time":"","close_time":"","session":"Afternoon","notes":"","active":"No","display_name":"Night\nTrack\nVet\nTrack"}},{"type":"Feature","geometry":{"type":"Polygon","coordinates":[[[-84.4409453,30.8384578],[-84.4404301,30.838219],[-84.4403668,30.8373717],[-84.4412469,30.8373488],[-84.4412904,30.8384081],[-84.4409453,30.8384578]]]},"properties":{"track_name":"Night Track / Vet Track","day_of_week":"Thursday","date":"2026-08-20","status":"","open_time":"","close_time":"","session":"Evening","notes":"","active":"No","display_name":"Night\nTrack\nVet\nTrack"}},{"type":"Feature","geometry":{"type":"Polygon","coordinates":[[[-84.4402749,30.8364069],[-84.4412349,30.8364187],[-84.4412469,30.8373488],[-84.44021685,30.83733603],[-84.44004073,30.83647645],[-84.4402749,30.8364069]]]},"properties":{"track_name":"Amateur Supercross Track","day_of_week":"Thursday","date":"2026-08-20","status":"","open_time":"","close_time":"","session":"Morning","notes":"","active":"No","display_name":"Amateur\nSupercross\nTrack"}},{"type":"Feature","geometry":{"type":"Polygon","coordinates":[[[-84.4402749,30.8364069],[-84.4412349,30.8364187],[-84.4412469,30.8373488],[-84.44021685,30.83733603],[-84.44004073,30.83647645],[-84.4402749,30.8364069]]]},"properties":{"track_name":"Amateur Supercross Track","day_of_week":"Thursday","date":"2026-08-20","status":"","open_time":"","close_time":"","session":"Afternoon","notes":"","active":"No","display_name":"Amateur\nSupercross\nTrack"}},{"type":"Feature","geometry":{"type":"Polygon","coordinates":[[[-84.4402749,30.8364069],[-84.4412349,30.8364187],[-84.4412469,30.8373488],[-84.44021685,30.83733603],[-84.44004073,30.83647645],[-84.4402749,30.8364069]]]},"properties":{"track_name":"Amateur Supercross Track","day_of_week":"Thursday","date":"2026-08-20","status":"","open_time":"","close_time":"","session":"Evening","notes":"","active":"No","display_name":"Amateur\nSupercross\nTrack"}},{"type":"Feature","geometry":{"type":"Polygon","coordinates":[[[-84.44111,30.8361674],[-84.441133,30.8360654],[-84.4412321,30.8354943],[-84.440814,30.8354136],[-84.4403742,30.8355287],[-84.4403329,30.836279],[-84.44111,30.8361674]]]},"properties":{"track_name":"Pro Supercross Track","day_of_week":"Thursday","date":"2026-08-20","status":"","open_time":"","close_time":"","session":"Morning","notes":"","active":"No","display_name":"Pro\nSupercross\nTrack"}},{"type":"Feature","geometry":{"type":"Polygon","coordinates":[[[-84.44111,30.8361674],[-84.441133,30.8360654],[-84.4412321,30.8354943],[-84.440814,30.8354136],[-84.4403742,30.8355287],[-84.4403329,30.836279],[-84.44111,30.8361674]]]},"properties":{"track_name":"Pro Supercross Track","day_of_week":"Thursday","date":"2026-08-20","status":"","open_time":"","close_time":"","session":"Afternoon","notes":"","active":"No","display_name":"Pro\nSupercross\nTrack"}},{"type":"Feature","geometry":{"type":"Polygon","coordinates":[[[-84.44111,30.8361674],[-84.441133,30.8360654],[-84.4412321,30.8354943],[-84.440814,30.8354136],[-84.4403742,30.8355287],[-84.4403329,30.836279],[-84.44111,30.8361674]]]},"properties":{"track_name":"Pro Supercross Track","day_of_week":"Thursday","date":"2026-08-20","status":"","open_time":"","close_time":"","session":"Evening","notes":"","active":"No","display_name":"Pro\nSupercross\nTrack"}},{"type":"Feature","geometry":{"type":"Polygon","coordinates":[[[-84.4397819,30.8410012],[-84.4392803,30.8412015],[-84.4390587,30.8412315],[-84.4385804,30.8406707],[-84.4380555,30.8401399],[-84.4376939,30.8396692],[-84.4374723,30.8392485],[-84.4376589,30.838918],[-84.4377522,30.8386476],[-84.4380438,30.8383571],[-84.4382188,30.8381869],[-84.4388254,30.8383872],[-84.4393736,30.8385374],[-84.4399102,30.8387277],[-84.4405051,30.8394388],[-84.4400968,30.8396992],[-84.4402018,30.8399195],[-84.4406567,30.8404503],[-84.4402485,30.8407208],[-84.4397819,30.8410012]]]},"properties":{"track_name":"National Motocross Track","day_of_week":"Thursday","date":"2026-08-20","status":"","open_time":"","close_time":"","session":"Morning","notes":"","active":"No","display_name":"National\nMotocross\nTrack"}},{"type":"Feature","geometry":{"type":"Polygon","coordinates":[[[-84.4397819,30.8410012],[-84.4392803,30.8412015],[-84.4390587,30.8412315],[-84.4385804,30.8406707],[-84.4380555,30.8401399],[-84.4376939,30.8396692],[-84.4374723,30.8392485],[-84.4376589,30.838918],[-84.4377522,30.8386476],[-84.4380438,30.8383571],[-84.4382188,30.8381869],[-84.4388254,30.8383872],[-84.4393736,30.8385374],[-84.4399102,30.8387277],[-84.4405051,30.8394388],[-84.4400968,30.8396992],[-84.4402018,30.8399195],[-84.4406567,30.8404503],[-84.4402485,30.8407208],[-84.4397819,30.8410012]]]},"properties":{"track_name":"National Motocross Track","day_of_week":"Thursday","date":"2026-08-20","status":"","open_time":"","close_time":"","session":"Afternoon","notes":"","active":"No","display_name":"National\nMotocross\nTrack"}},{"type":"Feature","geometry":{"type":"Polygon","coordinates":[[[-84.4397819,30.8410012],[-84.4392803,30.8412015],[-84.4390587,30.8412315],[-84.4385804,30.8406707],[-84.4380555,30.8401399],[-84.4376939,30.8396692],[-84.4374723,30.8392485],[-84.4376589,30.838918],[-84.4377522,30.8386476],[-84.4380438,30.8383571],[-84.4382188,30.8381869],[-84.4388254,30.8383872],[-84.4393736,30.8385374],[-84.4399102,30.8387277],[-84.4405051,30.8394388],[-84.4400968,30.8396992],[-84.4402018,30.8399195],[-84.4406567,30.8404503],[-84.4402485,30.8407208],[-84.4397819,30.8410012]]]},"properties":{"track_name":"National Motocross Track","day_of_week":"Thursday","date":"2026-08-20","status":"","open_time":"","close_time":"","session":"Evening","notes":"","active":"No","display_name":"National\nMotocross\nTrack"}},{"type":"Feature","geometry":{"type":"Polygon","coordinates":[[[-84.4372275,30.8370251],[-84.4373522,30.8364628],[-84.4373366,30.835887],[-84.4374146,30.8355522],[-84.4375862,30.8349229],[-84.4379136,30.8348518],[-84.4382879,30.8350125],[-84.438553,30.8353339],[-84.4385374,30.8358025],[-84.4383191,30.8367975],[-84.4379448,30.8371189],[-84.4372275,30.8370251]]]},"properties":{"track_name":"Sand Track","day_of_week":"Thursday","date":"2026-08-20","status":"","open_time":"","close_time":"","session":"Morning","notes":"","active":"No","display_name":"Sand\nTrack"}},{"type":"Feature","geometry":{"type":"Polygon","coordinates":[[[-84.4372275,30.8370251],[-84.4373522,30.8364628],[-84.4373366,30.835887],[-84.4374146,30.8355522],[-84.4375862,30.8349229],[-84.4379136,30.8348518],[-84.4382879,30.8350125],[-84.438553,30.8353339],[-84.4385374,30.8358025],[-84.4383191,30.8367975],[-84.4379448,30.8371189],[-84.4372275,30.8370251]]]},"properties":{"track_name":"Sand Track","day_of_week":"Thursday","date":"2026-08-20","status":"","open_time":"","close_time":"","session":"Afternoon","notes":"","active":"No","display_name":"Sand\nTrack"}},{"type":"Feature","geometry":{"type":"Polygon","coordinates":[[[-84.4372275,30.8370251],[-84.4373522,30.8364628],[-84.4373366,30.835887],[-84.4374146,30.8355522],[-84.4375862,30.8349229],[-84.4379136,30.8348518],[-84.4382879,30.8350125],[-84.438553,30.8353339],[-84.4385374,30.8358025],[-84.4383191,30.8367975],[-84.4379448,30.8371189],[-84.4372275,30.8370251]]]},"properties":{"track_name":"Sand Track","day_of_week":"Thursday","date":"2026-08-20","status":"","open_time":"","close_time":"","session":"Evening","notes":"","active":"No","display_name":"Sand\nTrack"}},{"type":"Feature","geometry":{"type":"Polygon","coordinates":[[[-84.4397382,30.8355347],[-84.4401749,30.8355213],[-84.4402749,30.8364069],[-84.4397538,30.8363515],[-84.4397382,30.8355347]]]},"properties":{"track_name":"Drills Track","day_of_week":"Thursday","date":"2026-08-20","status":"","open_time":"","close_time":"","session":"Morning","notes":"","active":"No","display_name":"Drills\nTrack"}},{"type":"Feature","geometry":{"type":"Polygon","coordinates":[[[-84.4397382,30.8355347],[-84.4401749,30.8355213],[-84.4402749,30.8364069],[-84.4397538,30.8363515],[-84.4397382,30.8355347]]]},"properties":{"track_name":"Drills Track","day_of_week":"Thursday","date":"2026-08-20","status":"","open_time":"","close_time":"","session":"Afternoon","notes":"","active":"No","display_name":"Drills\nTrack"}},{"type":"Feature","geometry":{"type":"Polygon","coordinates":[[[-84.4397382,30.8355347],[-84.4401749,30.8355213],[-84.4402749,30.8364069],[-84.4397538,30.8363515],[-84.4397382,30.8355347]]]},"properties":{"track_name":"Drills Track","day_of_week":"Thursday","date":"2026-08-20","status":"","open_time":"","close_time":"","session":"Evening","notes":"","active":"No","display_name":"Drills\nTrack"}},{"type":"Feature","geometry":{"type":"Polygon","coordinates":[[[-84.4369523,30.8387197],[-84.4365408,30.8382057],[-84.4365408,30.8374206],[-84.4375695,30.8373814],[-84.4378666,30.8381701],[-84.4374094,30.8385823],[-84.4369523,30.8387197]]]},"properties":{"track_name":"Lower Turn Track","day_of_week":"Thursday","date":"2026-08-20","status":"","open_time":"","close_time":"","session":"Morning","notes":"","active":"No","display_name":"Lower\nTurn\nTrack"}},{"type":"Feature","geometry":{"type":"Polygon","coordinates":[[[-84.4369523,30.8387197],[-84.4365408,30.8382057],[-84.4365408,30.8374206],[-84.4375695,30.8373814],[-84.4378666,30.8381701],[-84.4374094,30.8385823],[-84.4369523,30.8387197]]]},"properties":{"track_name":"Lower Turn Track","day_of_week":"Thursday","date":"2026-08-20","status":"","open_time":"","close_time":"","session":"Afternoon","notes":"","active":"No","display_name":"Lower\nTurn\nTrack"}},{"type":"Feature","geometry":{"type":"Polygon","coordinates":[[[-84.4369523,30.8387197],[-84.4365408,30.8382057],[-84.4365408,30.8374206],[-84.4375695,30.8373814],[-84.4378666,30.8381701],[-84.4374094,30.8385823],[-84.4369523,30.8387197]]]},"properties":{"track_name":"Lower Turn Track","day_of_week":"Thursday","date":"2026-08-20","status":"","open_time":"","close_time":"","session":"Evening","notes":"","active":"No","display_name":"Lower\nTurn\nTrack"}},{"type":"Feature","geometry":{"type":"Polygon","coordinates":[[[-84.440356,30.8351075],[-84.4405692,30.8350836],[-84.4405878,30.8352189],[-84.4403839,30.8352587],[-84.440356,30.8351075]]]},"properties":{"track_name":"Gym","day_of_week":"Thursday","date":"2026-08-20","status":"","open_time":"","close_time":"","session":"Morning","notes":"","active":"No","display_name":"Gym"}},{"type":"Feature","geometry":{"type":"Polygon","coordinates":[[[-84.440356,30.8351075],[-84.4405692,30.8350836],[-84.4405878,30.8352189],[-84.4403839,30.8352587],[-84.440356,30.8351075]]]},"properties":{"track_name":"Gym","day_of_week":"Thursday","date":"2026-08-20","status":"","open_time":"","close_time":"","session":"Afternoon","notes":"","active":"No","display_name":"Gym"}},{"type":"Feature","geometry":{"type":"Polygon","coordinates":[[[-84.440356,30.8351075],[-84.4405692,30.8350836],[-84.4405878,30.8352189],[-84.4403839,30.8352587],[-84.440356,30.8351075]]]},"properties":{"track_name":"Gym","day_of_week":"Thursday","date":"2026-08-20","status":"","open_time":"","close_time":"","session":"Evening","notes":"","active":"No","display_name":"Gym"}},{"type":"Feature","geometry":{"type":"Polygon","coordinates":[[[-84.4409453,30.8384578],[-84.4404301,30.838219],[-84.4403668,30.8373717],[-84.4412469,30.8373488],[-84.4412904,30.8384081],[-84.4409453,30.8384578]]]},"properties":{"track_name":"Night Track / Vet Track","day_of_week":"Friday","date":"2026-08-21","status":"","open_time":"","close_time":"","session":"Morning","notes":"","active":"No","display_name":"Night\nTrack\nVet\nTrack"}},{"type":"Feature","geometry":{"type":"Polygon","coordinates":[[[-84.4409453,30.8384578],[-84.4404301,30.838219],[-84.4403668,30.8373717],[-84.4412469,30.8373488],[-84.4412904,30.8384081],[-84.4409453,30.8384578]]]},"properties":{"track_name":"Night Track / Vet Track","day_of_week":"Friday","date":"2026-08-21","status":"","open_time":"","close_time":"","session":"Afternoon","notes":"","active":"No","display_name":"Night\nTrack\nVet\nTrack"}},{"type":"Feature","geometry":{"type":"Polygon","coordinates":[[[-84.4409453,30.8384578],[-84.4404301,30.838219],[-84.4403668,30.8373717],[-84.4412469,30.8373488],[-84.4412904,30.8384081],[-84.4409453,30.8384578]]]},"properties":{"track_name":"Night Track / Vet Track","day_of_week":"Friday","date":"2026-08-21","status":"","open_time":"","close_time":"","session":"Evening","notes":"","active":"No","display_name":"Night\nTrack\nVet\nTrack"}},{"type":"Feature","geometry":{"type":"Polygon","coordinates":[[[-84.4402749,30.8364069],[-84.4412349,30.8364187],[-84.4412469,30.8373488],[-84.44021685,30.83733603],[-84.44004073,30.83647645],[-84.4402749,30.8364069]]]},"properties":{"track_name":"Amateur Supercross Track","day_of_week":"Friday","date":"2026-08-21","status":"","open_time":"","close_time":"","session":"Morning","notes":"","active":"No","display_name":"Amateur\nSupercross\nTrack"}},{"type":"Feature","geometry":{"type":"Polygon","coordinates":[[[-84.4402749,30.8364069],[-84.4412349,30.8364187],[-84.4412469,30.8373488],[-84.44021685,30.83733603],[-84.44004073,30.83647645],[-84.4402749,30.8364069]]]},"properties":{"track_name":"Amateur Supercross Track","day_of_week":"Friday","date":"2026-08-21","status":"","open_time":"","close_time":"","session":"Afternoon","notes":"","active":"No","display_name":"Amateur\nSupercross\nTrack"}},{"type":"Feature","geometry":{"type":"Polygon","coordinates":[[[-84.4402749,30.8364069],[-84.4412349,30.8364187],[-84.4412469,30.8373488],[-84.44021685,30.83733603],[-84.44004073,30.83647645],[-84.4402749,30.8364069]]]},"properties":{"track_name":"Amateur Supercross Track","day_of_week":"Friday","date":"2026-08-21","status":"","open_time":"","close_time":"","session":"Evening","notes":"","active":"No","display_name":"Amateur\nSupercross\nTrack"}},{"type":"Feature","geometry":{"type":"Polygon","coordinates":[[[-84.44111,30.8361674],[-84.441133,30.8360654],[-84.4412321,30.8354943],[-84.440814,30.8354136],[-84.4403742,30.8355287],[-84.4403329,30.836279],[-84.44111,30.8361674]]]},"properties":{"track_name":"Pro Supercross Track","day_of_week":"Friday","date":"2026-08-21","status":"","open_time":"","close_time":"","session":"Morning","notes":"","active":"No","display_name":"Pro\nSupercross\nTrack"}},{"type":"Feature","geometry":{"type":"Polygon","coordinates":[[[-84.44111,30.8361674],[-84.441133,30.8360654],[-84.4412321,30.8354943],[-84.440814,30.8354136],[-84.4403742,30.8355287],[-84.4403329,30.836279],[-84.44111,30.8361674]]]},"properties":{"track_name":"Pro Supercross Track","day_of_week":"Friday","date":"2026-08-21","status":"","open_time":"","close_time":"","session":"Afternoon","notes":"","active":"No","display_name":"Pro\nSupercross\nTrack"}},{"type":"Feature","geometry":{"type":"Polygon","coordinates":[[[-84.44111,30.8361674],[-84.441133,30.8360654],[-84.4412321,30.8354943],[-84.440814,30.8354136],[-84.4403742,30.8355287],[-84.4403329,30.836279],[-84.44111,30.8361674]]]},"properties":{"track_name":"Pro Supercross Track","day_of_week":"Friday","date":"2026-08-21","status":"","open_time":"","close_time":"","session":"Evening","notes":"","active":"No","display_name":"Pro\nSupercross\nTrack"}},{"type":"Feature","geometry":{"type":"Polygon","coordinates":[[[-84.4397819,30.8410012],[-84.4392803,30.8412015],[-84.4390587,30.8412315],[-84.4385804,30.8406707],[-84.4380555,30.8401399],[-84.4376939,30.8396692],[-84.4374723,30.8392485],[-84.4376589,30.838918],[-84.4377522,30.8386476],[-84.4380438,30.8383571],[-84.4382188,30.8381869],[-84.4388254,30.8383872],[-84.4393736,30.8385374],[-84.4399102,30.8387277],[-84.4405051,30.8394388],[-84.4400968,30.8396992],[-84.4402018,30.8399195],[-84.4406567,30.8404503],[-84.4402485,30.8407208],[-84.4397819,30.8410012]]]},"properties":{"track_name":"National Motocross Track","day_of_week":"Friday","date":"2026-08-21","status":"","open_time":"","close_time":"","session":"Morning","notes":"","active":"No","display_name":"National\nMotocross\nTrack"}},{"type":"Feature","geometry":{"type":"Polygon","coordinates":[[[-84.4397819,30.8410012],[-84.4392803,30.8412015],[-84.4390587,30.8412315],[-84.4385804,30.8406707],[-84.4380555,30.8401399],[-84.4376939,30.8396692],[-84.4374723,30.8392485],[-84.4376589,30.838918],[-84.4377522,30.8386476],[-84.4380438,30.8383571],[-84.4382188,30.8381869],[-84.4388254,30.8383872],[-84.4393736,30.8385374],[-84.4399102,30.8387277],[-84.4405051,30.8394388],[-84.4400968,30.8396992],[-84.4402018,30.8399195],[-84.4406567,30.8404503],[-84.4402485,30.8407208],[-84.4397819,30.8410012]]]},"properties":{"track_name":"National Motocross Track","day_of_week":"Friday","date":"2026-08-21","status":"","open_time":"","close_time":"","session":"Afternoon","notes":"","active":"No","display_name":"National\nMotocross\nTrack"}},{"type":"Feature","geometry":{"type":"Polygon","coordinates":[[[-84.4397819,30.8410012],[-84.4392803,30.8412015],[-84.4390587,30.8412315],[-84.4385804,30.8406707],[-84.4380555,30.8401399],[-84.4376939,30.8396692],[-84.4374723,30.8392485],[-84.4376589,30.838918],[-84.4377522,30.8386476],[-84.4380438,30.8383571],[-84.4382188,30.8381869],[-84.4388254,30.8383872],[-84.4393736,30.8385374],[-84.4399102,30.8387277],[-84.4405051,30.8394388],[-84.4400968,30.8396992],[-84.4402018,30.8399195],[-84.4406567,30.8404503],[-84.4402485,30.8407208],[-84.4397819,30.8410012]]]},"properties":{"track_name":"National Motocross Track","day_of_week":"Friday","date":"2026-08-21","status":"","open_time":"","close_time":"","session":"Evening","notes":"","active":"No","display_name":"National\nMotocross\nTrack"}},{"type":"Feature","geometry":{"type":"Polygon","coordinates":[[[-84.4372275,30.8370251],[-84.4373522,30.8364628],[-84.4373366,30.835887],[-84.4374146,30.8355522],[-84.4375862,30.8349229],[-84.4379136,30.8348518],[-84.4382879,30.8350125],[-84.438553,30.8353339],[-84.4385374,30.8358025],[-84.4383191,30.8367975],[-84.4379448,30.8371189],[-84.4372275,30.8370251]]]},"properties":{"track_name":"Sand Track","day_of_week":"Friday","date":"2026-08-21","status":"","open_time":"","close_time":"","session":"Morning","notes":"","active":"No","display_name":"Sand\nTrack"}},{"type":"Feature","geometry":{"type":"Polygon","coordinates":[[[-84.4372275,30.8370251],[-84.4373522,30.8364628],[-84.4373366,30.835887],[-84.4374146,30.8355522],[-84.4375862,30.8349229],[-84.4379136,30.8348518],[-84.4382879,30.8350125],[-84.438553,30.8353339],[-84.4385374,30.8358025],[-84.4383191,30.8367975],[-84.4379448,30.8371189],[-84.4372275,30.8370251]]]},"properties":{"track_name":"Sand Track","day_of_week":"Friday","date":"2026-08-21","status":"","open_time":"","close_time":"","session":"Afternoon","notes":"","active":"No","display_name":"Sand\nTrack"}},{"type":"Feature","geometry":{"type":"Polygon","coordinates":[[[-84.4372275,30.8370251],[-84.4373522,30.8364628],[-84.4373366,30.835887],[-84.4374146,30.8355522],[-84.4375862,30.8349229],[-84.4379136,30.8348518],[-84.4382879,30.8350125],[-84.438553,30.8353339],[-84.4385374,30.8358025],[-84.4383191,30.8367975],[-84.4379448,30.8371189],[-84.4372275,30.8370251]]]},"properties":{"track_name":"Sand Track","day_of_week":"Friday","date":"2026-08-21","status":"","open_time":"","close_time":"","session":"Evening","notes":"","active":"No","display_name":"Sand\nTrack"}},{"type":"Feature","geometry":{"type":"Polygon","coordinates":[[[-84.4397382,30.8355347],[-84.4401749,30.8355213],[-84.4402749,30.8364069],[-84.4397538,30.8363515],[-84.4397382,30.8355347]]]},"properties":{"track_name":"Drills Track","day_of_week":"Friday","date":"2026-08-21","status":"","open_time":"","close_time":"","session":"Morning","notes":"","active":"No","display_name":"Drills\nTrack"}},{"type":"Feature","geometry":{"type":"Polygon","coordinates":[[[-84.4397382,30.8355347],[-84.4401749,30.8355213],[-84.4402749,30.8364069],[-84.4397538,30.8363515],[-84.4397382,30.8355347]]]},"properties":{"track_name":"Drills Track","day_of_week":"Friday","date":"2026-08-21","status":"","open_time":"","close_time":"","session":"Afternoon","notes":"","active":"No","display_name":"Drills\nTrack"}},{"type":"Feature","geometry":{"type":"Polygon","coordinates":[[[-84.4397382,30.8355347],[-84.4401749,30.8355213],[-84.4402749,30.8364069],[-84.4397538,30.8363515],[-84.4397382,30.8355347]]]},"properties":{"track_name":"Drills Track","day_of_week":"Friday","date":"2026-08-21","status":"","open_time":"","close_time":"","session":"Evening","notes":"","active":"No","display_name":"Drills\nTrack"}},{"type":"Feature","geometry":{"type":"Polygon","coordinates":[[[-84.4369523,30.8387197],[-84.4365408,30.8382057],[-84.4365408,30.8374206],[-84.4375695,30.8373814],[-84.4378666,30.8381701],[-84.4374094,30.8385823],[-84.4369523,30.8387197]]]},"properties":{"track_name":"Lower Turn Track","day_of_week":"Friday","date":"2026-08-21","status":"","open_time":"","close_time":"","session":"Morning","notes":"","active":"No","display_name":"Lower\nTurn\nTrack"}},{"type":"Feature","geometry":{"type":"Polygon","coordinates":[[[-84.4369523,30.8387197],[-84.4365408,30.8382057],[-84.4365408,30.8374206],[-84.4375695,30.8373814],[-84.4378666,30.8381701],[-84.4374094,30.8385823],[-84.4369523,30.8387197]]]},"properties":{"track_name":"Lower Turn Track","day_of_week":"Friday","date":"2026-08-21","status":"","open_time":"","close_time":"","session":"Afternoon","notes":"","active":"No","display_name":"Lower\nTurn\nTrack"}},{"type":"Feature","geometry":{"type":"Polygon","coordinates":[[[-84.4369523,30.8387197],[-84.4365408,30.8382057],[-84.4365408,30.8374206],[-84.4375695,30.8373814],[-84.4378666,30.8381701],[-84.4374094,30.8385823],[-84.4369523,30.8387197]]]},"properties":{"track_name":"Lower Turn Track","day_of_week":"Friday","date":"2026-08-21","status":"","open_time":"","close_time":"","session":"Evening","notes":"","active":"No","display_name":"Lower\nTurn\nTrack"}},{"type":"Feature","geometry":{"type":"Polygon","coordinates":[[[-84.440356,30.8351075],[-84.4405692,30.8350836],[-84.4405878,30.8352189],[-84.4403839,30.8352587],[-84.440356,30.8351075]]]},"properties":{"track_name":"Gym","day_of_week":"Friday","date":"2026-08-21","status":"","open_time":"","close_time":"","session":"Morning","notes":"","active":"No","display_name":"Gym"}},{"type":"Feature","geometry":{"type":"Polygon","coordinates":[[[-84.440356,30.8351075],[-84.4405692,30.8350836],[-84.4405878,30.8352189],[-84.4403839,30.8352587],[-84.440356,30.8351075]]]},"properties":{"track_name":"Gym","day_of_week":"Friday","date":"2026-08-21","status":"","open_time":"","close_time":"","session":"Afternoon","notes":"","active":"No","display_name":"Gym"}},{"type":"Feature","geometry":{"type":"Polygon","coordinates":[[[-84.440356,30.8351075],[-84.4405692,30.8350836],[-84.4405878,30.8352189],[-84.4403839,30.8352587],[-84.440356,30.8351075]]]},"properties":{"track_name":"Gym","day_of_week":"Friday","date":"2026-08-21","status":"","open_time":"","close_time":"","session":"Evening","notes":"","active":"No","display_name":"Gym"}},{"type":"Feature","geometry":{"type":"Polygon","coordinates":[[[-84.4409453,30.8384578],[-84.4404301,30.838219],[-84.4403668,30.8373717],[-84.4412469,30.8373488],[-84.4412904,30.8384081],[-84.4409453,30.8384578]]]},"properties":{"track_name":"Night Track / Vet Track","day_of_week":"Saturday","date":"2026-08-22","status":"","open_time":"","close_time":"","session":"Morning","notes":"","active":"No","display_name":"Night\nTrack\nVet\nTrack"}},{"type":"Feature","geometry":{"type":"Polygon","coordinates":[[[-84.4409453,30.8384578],[-84.4404301,30.838219],[-84.4403668,30.8373717],[-84.4412469,30.8373488],[-84.4412904,30.8384081],[-84.4409453,30.8384578]]]},"properties":{"track_name":"Night Track / Vet Track","day_of_week":"Saturday","date":"2026-08-22","status":"","open_time":"","close_time":"","session":"Afternoon","notes":"","active":"No","display_name":"Night\nTrack\nVet\nTrack"}},{"type":"Feature","geometry":{"type":"Polygon","coordinates":[[[-84.4409453,30.8384578],[-84.4404301,30.838219],[-84.4403668,30.8373717],[-84.4412469,30.8373488],[-84.4412904,30.8384081],[-84.4409453,30.8384578]]]},"properties":{"track_name":"Night Track / Vet Track","day_of_week":"Saturday","date":"2026-08-22","status":"","open_time":"","close_time":"","session":"Evening","notes":"","active":"No","display_name":"Night\nTrack\nVet\nTrack"}},{"type":"Feature","geometry":{"type":"Polygon","coordinates":[[[-84.4402749,30.8364069],[-84.4412349,30.8364187],[-84.4412469,30.8373488],[-84.44021685,30.83733603],[-84.44004073,30.83647645],[-84.4402749,30.8364069]]]},"properties":{"track_name":"Amateur Supercross Track","day_of_week":"Saturday","date":"2026-08-22","status":"","open_time":"","close_time":"","session":"Morning","notes":"","active":"No","display_name":"Amateur\nSupercross\nTrack"}},{"type":"Feature","geometry":{"type":"Polygon","coordinates":[[[-84.4402749,30.8364069],[-84.4412349,30.8364187],[-84.4412469,30.8373488],[-84.44021685,30.83733603],[-84.44004073,30.83647645],[-84.4402749,30.8364069]]]},"properties":{"track_name":"Amateur Supercross Track","day_of_week":"Saturday","date":"2026-08-22","status":"","open_time":"","close_time":"","session":"Afternoon","notes":"","active":"No","display_name":"Amateur\nSupercross\nTrack"}},{"type":"Feature","geometry":{"type":"Polygon","coordinates":[[[-84.4402749,30.8364069],[-84.4412349,30.8364187],[-84.4412469,30.8373488],[-84.44021685,30.83733603],[-84.44004073,30.83647645],[-84.4402749,30.8364069]]]},"properties":{"track_name":"Amateur Supercross Track","day_of_week":"Saturday","date":"2026-08-22","status":"","open_time":"","close_time":"","session":"Evening","notes":"","active":"No","display_name":"Amateur\nSupercross\nTrack"}},{"type":"Feature","geometry":{"type":"Polygon","coordinates":[[[-84.44111,30.8361674],[-84.441133,30.8360654],[-84.4412321,30.8354943],[-84.440814,30.8354136],[-84.4403742,30.8355287],[-84.4403329,30.836279],[-84.44111,30.8361674]]]},"properties":{"track_name":"Pro Supercross Track","day_of_week":"Saturday","date":"2026-08-22","status":"","open_time":"","close_time":"","session":"Morning","notes":"","active":"No","display_name":"Pro\nSupercross\nTrack"}},{"type":"Feature","geometry":{"type":"Polygon","coordinates":[[[-84.44111,30.8361674],[-84.441133,30.8360654],[-84.4412321,30.8354943],[-84.440814,30.8354136],[-84.4403742,30.8355287],[-84.4403329,30.836279],[-84.44111,30.8361674]]]},"properties":{"track_name":"Pro Supercross Track","day_of_week":"Saturday","date":"2026-08-22","status":"","open_time":"","close_time":"","session":"Afternoon","notes":"","active":"No","display_name":"Pro\nSupercross\nTrack"}},{"type":"Feature","geometry":{"type":"Polygon","coordinates":[[[-84.44111,30.8361674],[-84.441133,30.8360654],[-84.4412321,30.8354943],[-84.440814,30.8354136],[-84.4403742,30.8355287],[-84.4403329,30.836279],[-84.44111,30.8361674]]]},"properties":{"track_name":"Pro Supercross Track","day_of_week":"Saturday","date":"2026-08-22","status":"","open_time":"","close_time":"","session":"Evening","notes":"","active":"No","display_name":"Pro\nSupercross\nTrack"}},{"type":"Feature","geometry":{"type":"Polygon","coordinates":[[[-84.4397819,30.8410012],[-84.4392803,30.8412015],[-84.4390587,30.8412315],[-84.4385804,30.8406707],[-84.4380555,30.8401399],[-84.4376939,30.8396692],[-84.4374723,30.8392485],[-84.4376589,30.838918],[-84.4377522,30.8386476],[-84.4380438,30.8383571],[-84.4382188,30.8381869],[-84.4388254,30.8383872],[-84.4393736,30.8385374],[-84.4399102,30.8387277],[-84.4405051,30.8394388],[-84.4400968,30.8396992],[-84.4402018,30.8399195],[-84.4406567,30.8404503],[-84.4402485,30.8407208],[-84.4397819,30.8410012]]]},"properties":{"track_name":"National Motocross Track","day_of_week":"Saturday","date":"2026-08-22","status":"","open_time":"","close_time":"","session":"Morning","notes":"","active":"No","display_name":"National\nMotocross\nTrack"}},{"type":"Feature","geometry":{"type":"Polygon","coordinates":[[[-84.4397819,30.8410012],[-84.4392803,30.8412015],[-84.4390587,30.8412315],[-84.4385804,30.8406707],[-84.4380555,30.8401399],[-84.4376939,30.8396692],[-84.4374723,30.8392485],[-84.4376589,30.838918],[-84.4377522,30.8386476],[-84.4380438,30.8383571],[-84.4382188,30.8381869],[-84.4388254,30.8383872],[-84.4393736,30.8385374],[-84.4399102,30.8387277],[-84.4405051,30.8394388],[-84.4400968,30.8396992],[-84.4402018,30.8399195],[-84.4406567,30.8404503],[-84.4402485,30.8407208],[-84.4397819,30.8410012]]]},"properties":{"track_name":"National Motocross Track","day_of_week":"Saturday","date":"2026-08-22","status":"","open_time":"","close_time":"","session":"Afternoon","notes":"","active":"No","display_name":"National\nMotocross\nTrack"}},{"type":"Feature","geometry":{"type":"Polygon","coordinates":[[[-84.4397819,30.8410012],[-84.4392803,30.8412015],[-84.4390587,30.8412315],[-84.4385804,30.8406707],[-84.4380555,30.8401399],[-84.4376939,30.8396692],[-84.4374723,30.8392485],[-84.4376589,30.838918],[-84.4377522,30.8386476],[-84.4380438,30.8383571],[-84.4382188,30.8381869],[-84.4388254,30.8383872],[-84.4393736,30.8385374],[-84.4399102,30.8387277],[-84.4405051,30.8394388],[-84.4400968,30.8396992],[-84.4402018,30.8399195],[-84.4406567,30.8404503],[-84.4402485,30.8407208],[-84.4397819,30.8410012]]]},"properties":{"track_name":"National Motocross Track","day_of_week":"Saturday","date":"2026-08-22","status":"","open_time":"","close_time":"","session":"Evening","notes":"","active":"No","display_name":"National\nMotocross\nTrack"}},{"type":"Feature","geometry":{"type":"Polygon","coordinates":[[[-84.4372275,30.8370251],[-84.4373522,30.8364628],[-84.4373366,30.835887],[-84.4374146,30.8355522],[-84.4375862,30.8349229],[-84.4379136,30.8348518],[-84.4382879,30.8350125],[-84.438553,30.8353339],[-84.4385374,30.8358025],[-84.4383191,30.8367975],[-84.4379448,30.8371189],[-84.4372275,30.8370251]]]},"properties":{"track_name":"Sand Track","day_of_week":"Saturday","date":"2026-08-22","status":"","open_time":"","close_time":"","session":"Morning","notes":"","active":"No","display_name":"Sand\nTrack"}},{"type":"Feature","geometry":{"type":"Polygon","coordinates":[[[-84.4372275,30.8370251],[-84.4373522,30.8364628],[-84.4373366,30.835887],[-84.4374146,30.8355522],[-84.4375862,30.8349229],[-84.4379136,30.8348518],[-84.4382879,30.8350125],[-84.438553,30.8353339],[-84.4385374,30.8358025],[-84.4383191,30.8367975],[-84.4379448,30.8371189],[-84.4372275,30.8370251]]]},"properties":{"track_name":"Sand Track","day_of_week":"Saturday","date":"2026-08-22","status":"","open_time":"","close_time":"","session":"Afternoon","notes":"","active":"No","display_name":"Sand\nTrack"}},{"type":"Feature","geometry":{"type":"Polygon","coordinates":[[[-84.4372275,30.8370251],[-84.4373522,30.8364628],[-84.4373366,30.835887],[-84.4374146,30.8355522],[-84.4375862,30.8349229],[-84.4379136,30.8348518],[-84.4382879,30.8350125],[-84.438553,30.8353339],[-84.4385374,30.8358025],[-84.4383191,30.8367975],[-84.4379448,30.8371189],[-84.4372275,30.8370251]]]},"properties":{"track_name":"Sand Track","day_of_week":"Saturday","date":"2026-08-22","status":"","open_time":"","close_time":"","session":"Evening","notes":"","active":"No","display_name":"Sand\nTrack"}},{"type":"Feature","geometry":{"type":"Polygon","coordinates":[[[-84.4397382,30.8355347],[-84.4401749,30.8355213],[-84.4402749,30.8364069],[-84.4397538,30.8363515],[-84.4397382,30.8355347]]]},"properties":{"track_name":"Drills Track","day_of_week":"Saturday","date":"2026-08-22","status":"","open_time":"","close_time":"","session":"Morning","notes":"","active":"No","display_name":"Drills\nTrack"}},{"type":"Feature","geometry":{"type":"Polygon","coordinates":[[[-84.4397382,30.8355347],[-84.4401749,30.8355213],[-84.4402749,30.8364069],[-84.4397538,30.8363515],[-84.4397382,30.8355347]]]},"properties":{"track_name":"Drills Track","day_of_week":"Saturday","date":"2026-08-22","status":"","open_time":"","close_time":"","session":"Afternoon","notes":"","active":"No","display_name":"Drills\nTrack"}},{"type":"Feature","geometry":{"type":"Polygon","coordinates":[[[-84.4397382,30.8355347],[-84.4401749,30.8355213],[-84.4402749,30.8364069],[-84.4397538,30.8363515],[-84.4397382,30.8355347]]]},"properties":{"track_name":"Drills Track","day_of_week":"Saturday","date":"2026-08-22","status":"","open_time":"","close_time":"","session":"Evening","notes":"","active":"No","display_name":"Drills\nTrack"}},{"type":"Feature","geometry":{"type":"Polygon","coordinates":[[[-84.4369523,30.8387197],[-84.4365408,30.8382057],[-84.4365408,30.8374206],[-84.4375695,30.8373814],[-84.4378666,30.8381701],[-84.4374094,30.8385823],[-84.4369523,30.8387197]]]},"properties":{"track_name":"Lower Turn Track","day_of_week":"Saturday","date":"2026-08-22","status":"","open_time":"","close_time":"","session":"Morning","notes":"","active":"No","display_name":"Lower\nTurn\nTrack"}},{"type":"Feature","geometry":{"type":"Polygon","coordinates":[[[-84.4369523,30.8387197],[-84.4365408,30.8382057],[-84.4365408,30.8374206],[-84.4375695,30.8373814],[-84.4378666,30.8381701],[-84.4374094,30.8385823],[-84.4369523,30.8387197]]]},"properties":{"track_name":"Lower Turn Track","day_of_week":"Saturday","date":"2026-08-22","status":"","open_time":"","close_time":"","session":"Afternoon","notes":"","active":"No","display_name":"Lower\nTurn\nTrack"}},{"type":"Feature","geometry":{"type":"Polygon","coordinates":[[[-84.4369523,30.8387197],[-84.4365408,30.8382057],[-84.4365408,30.8374206],[-84.4375695,30.8373814],[-84.4378666,30.8381701],[-84.4374094,30.8385823],[-84.4369523,30.8387197]]]},"properties":{"track_name":"Lower Turn Track","day_of_week":"Saturday","date":"2026-08-22","status":"","open_time":"","close_time":"","session":"Evening","notes":"","active":"No","display_name":"Lower\nTurn\nTrack"}},{"type":"Feature","geometry":{"type":"Polygon","coordinates":[[[-84.440356,30.8351075],[-84.4405692,30.8350836],[-84.4405878,30.8352189],[-84.4403839,30.8352587],[-84.440356,30.8351075]]]},"properties":{"track_name":"Gym","day_of_week":"Saturday","date":"2026-08-22","status":"","open_time":"","close_time":"","session":"Morning","notes":"","active":"No","display_name":"Gym"}},{"type":"Feature","geometry":{"type":"Polygon","coordinates":[[[-84.440356,30.8351075],[-84.4405692,30.8350836],[-84.4405878,30.8352189],[-84.4403839,30.8352587],[-84.440356,30.8351075]]]},"properties":{"track_name":"Gym","day_of_week":"Saturday","date":"2026-08-22","status":"","open_time":"","close_time":"","session":"Afternoon","notes":"","active":"No","display_name":"Gym"}},{"type":"Feature","geometry":{"type":"Polygon","coordinates":[[[-84.440356,30.8351075],[-84.4405692,30.8350836],[-84.4405878,30.8352189],[-84.4403839,30.8352587],[-84.440356,30.8351075]]]},"properties":{"track_name":"Gym","day_of_week":"Saturday","date":"2026-08-22","status":"","open_time":"","close_time":"","session":"Evening","notes":"","active":"No","display_name":"Gym"}},{"type":"Feature","geometry":{"type":"Polygon","coordinates":[[[-84.4409453,30.8384578],[-84.4404301,30.838219],[-84.4403668,30.8373717],[-84.4412469,30.8373488],[-84.4412904,30.8384081],[-84.4409453,30.8384578]]]},"properties":{"track_name":"Night Track / Vet Track","day_of_week":"Sunday","date":"2026-08-23","status":"","open_time":"","close_time":"","session":"Morning","notes":"","active":"No","display_name":"Night\nTrack\nVet\nTrack"}},{"type":"Feature","geometry":{"type":"Polygon","coordinates":[[[-84.4409453,30.8384578],[-84.4404301,30.838219],[-84.4403668,30.8373717],[-84.4412469,30.8373488],[-84.4412904,30.8384081],[-84.4409453,30.8384578]]]},"properties":{"track_name":"Night Track / Vet Track","day_of_week":"Sunday","date":"2026-08-23","status":"","open_time":"","close_time":"","session":"Afternoon","notes":"","active":"No","display_name":"Night\nTrack\nVet\nTrack"}},{"type":"Feature","geometry":{"type":"Polygon","coordinates":[[[-84.4409453,30.8384578],[-84.4404301,30.838219],[-84.4403668,30.8373717],[-84.4412469,30.8373488],[-84.4412904,30.8384081],[-84.4409453,30.8384578]]]},"properties":{"track_name":"Night Track / Vet Track","day_of_week":"Sunday","date":"2026-08-23","status":"","open_time":"","close_time":"","session":"Evening","notes":"","active":"No","display_name":"Night\nTrack\nVet\nTrack"}},{"type":"Feature","geometry":{"type":"Polygon","coordinates":[[[-84.4402749,30.8364069],[-84.4412349,30.8364187],[-84.4412469,30.8373488],[-84.44021685,30.83733603],[-84.44004073,30.83647645],[-84.4402749,30.8364069]]]},"properties":{"track_name":"Amateur Supercross Track","day_of_week":"Sunday","date":"2026-08-23","status":"","open_time":"","close_time":"","session":"Morning","notes":"","active":"No","display_name":"Amateur\nSupercross\nTrack"}},{"type":"Feature","geometry":{"type":"Polygon","coordinates":[[[-84.4402749,30.8364069],[-84.4412349,30.8364187],[-84.4412469,30.8373488],[-84.44021685,30.83733603],[-84.44004073,30.83647645],[-84.4402749,30.8364069]]]},"properties":{"track_name":"Amateur Supercross Track","day_of_week":"Sunday","date":"2026-08-23","status":"","open_time":"","close_time":"","session":"Afternoon","notes":"","active":"No","display_name":"Amateur\nSupercross\nTrack"}},{"type":"Feature","geometry":{"type":"Polygon","coordinates":[[[-84.4402749,30.8364069],[-84.4412349,30.8364187],[-84.4412469,30.8373488],[-84.44021685,30.83733603],[-84.44004073,30.83647645],[-84.4402749,30.8364069]]]},"properties":{"track_name":"Amateur Supercross Track","day_of_week":"Sunday","date":"2026-08-23","status":"","open_time":"","close_time":"","session":"Evening","notes":"","active":"No","display_name":"Amateur\nSupercross\nTrack"}},{"type":"Feature","geometry":{"type":"Polygon","coordinates":[[[-84.44111,30.8361674],[-84.441133,30.8360654],[-84.4412321,30.8354943],[-84.440814,30.8354136],[-84.4403742,30.8355287],[-84.4403329,30.836279],[-84.44111,30.8361674]]]},"properties":{"track_name":"Pro Supercross Track","day_of_week":"Sunday","date":"2026-08-23","status":"","open_time":"","close_time":"","session":"Morning","notes":"","active":"No","display_name":"Pro\nSupercross\nTrack"}},{"type":"Feature","geometry":{"type":"Polygon","coordinates":[[[-84.44111,30.8361674],[-84.441133,30.8360654],[-84.4412321,30.8354943],[-84.440814,30.8354136],[-84.4403742,30.8355287],[-84.4403329,30.836279],[-84.44111,30.8361674]]]},"properties":{"track_name":"Pro Supercross Track","day_of_week":"Sunday","date":"2026-08-23","status":"","open_time":"","close_time":"","session":"Afternoon","notes":"","active":"No","display_name":"Pro\nSupercross\nTrack"}},{"type":"Feature","geometry":{"type":"Polygon","coordinates":[[[-84.44111,30.8361674],[-84.441133,30.8360654],[-84.4412321,30.8354943],[-84.440814,30.8354136],[-84.4403742,30.8355287],[-84.4403329,30.836279],[-84.44111,30.8361674]]]},"properties":{"track_name":"Pro Supercross Track","day_of_week":"Sunday","date":"2026-08-23","status":"","open_time":"","close_time":"","session":"Evening","notes":"","active":"No","display_name":"Pro\nSupercross\nTrack"}},{"type":"Feature","geometry":{"type":"Polygon","coordinates":[[[-84.4397819,30.8410012],[-84.4392803,30.8412015],[-84.4390587,30.8412315],[-84.4385804,30.8406707],[-84.4380555,30.8401399],[-84.4376939,30.8396692],[-84.4374723,30.8392485],[-84.4376589,30.838918],[-84.4377522,30.8386476],[-84.4380438,30.8383571],[-84.4382188,30.8381869],[-84.4388254,30.8383872],[-84.4393736,30.8385374],[-84.4399102,30.8387277],[-84.4405051,30.8394388],[-84.4400968,30.8396992],[-84.4402018,30.8399195],[-84.4406567,30.8404503],[-84.4402485,30.8407208],[-84.4397819,30.8410012]]]},"properties":{"track_name":"National Motocross Track","day_of_week":"Sunday","date":"2026-08-23","status":"","open_time":"","close_time":"","session":"Morning","notes":"","active":"No","display_name":"National\nMotocross\nTrack"}},{"type":"Feature","geometry":{"type":"Polygon","coordinates":[[[-84.4397819,30.8410012],[-84.4392803,30.8412015],[-84.4390587,30.8412315],[-84.4385804,30.8406707],[-84.4380555,30.8401399],[-84.4376939,30.8396692],[-84.4374723,30.8392485],[-84.4376589,30.838918],[-84.4377522,30.8386476],[-84.4380438,30.8383571],[-84.4382188,30.8381869],[-84.4388254,30.8383872],[-84.4393736,30.8385374],[-84.4399102,30.8387277],[-84.4405051,30.8394388],[-84.4400968,30.8396992],[-84.4402018,30.8399195],[-84.4406567,30.8404503],[-84.4402485,30.8407208],[-84.4397819,30.8410012]]]},"properties":{"track_name":"National Motocross Track","day_of_week":"Sunday","date":"2026-08-23","status":"","open_time":"","close_time":"","session":"Afternoon","notes":"","active":"No","display_name":"National\nMotocross\nTrack"}},{"type":"Feature","geometry":{"type":"Polygon","coordinates":[[[-84.4397819,30.8410012],[-84.4392803,30.8412015],[-84.4390587,30.8412315],[-84.4385804,30.8406707],[-84.4380555,30.8401399],[-84.4376939,30.8396692],[-84.4374723,30.8392485],[-84.4376589,30.838918],[-84.4377522,30.8386476],[-84.4380438,30.8383571],[-84.4382188,30.8381869],[-84.4388254,30.8383872],[-84.4393736,30.8385374],[-84.4399102,30.8387277],[-84.4405051,30.8394388],[-84.4400968,30.8396992],[-84.4402018,30.8399195],[-84.4406567,30.8404503],[-84.4402485,30.8407208],[-84.4397819,30.8410012]]]},"properties":{"track_name":"National Motocross Track","day_of_week":"Sunday","date":"2026-08-23","status":"","open_time":"","close_time":"","session":"Evening","notes":"","active":"No","display_name":"National\nMotocross\nTrack"}},{"type":"Feature","geometry":{"type":"Polygon","coordinates":[[[-84.4372275,30.8370251],[-84.4373522,30.8364628],[-84.4373366,30.835887],[-84.4374146,30.8355522],[-84.4375862,30.8349229],[-84.4379136,30.8348518],[-84.4382879,30.8350125],[-84.438553,30.8353339],[-84.4385374,30.8358025],[-84.4383191,30.8367975],[-84.4379448,30.8371189],[-84.4372275,30.8370251]]]},"properties":{"track_name":"Sand Track","day_of_week":"Sunday","date":"2026-08-23","status":"","open_time":"","close_time":"","session":"Morning","notes":"","active":"No","display_name":"Sand\nTrack"}},{"type":"Feature","geometry":{"type":"Polygon","coordinates":[[[-84.4372275,30.8370251],[-84.4373522,30.8364628],[-84.4373366,30.835887],[-84.4374146,30.8355522],[-84.4375862,30.8349229],[-84.4379136,30.8348518],[-84.4382879,30.8350125],[-84.438553,30.8353339],[-84.4385374,30.8358025],[-84.4383191,30.8367975],[-84.4379448,30.8371189],[-84.4372275,30.8370251]]]},"properties":{"track_name":"Sand Track","day_of_week":"Sunday","date":"2026-08-23","status":"","open_time":"","close_time":"","session":"Afternoon","notes":"","active":"No","display_name":"Sand\nTrack"}},{"type":"Feature","geometry":{"type":"Polygon","coordinates":[[[-84.4372275,30.8370251],[-84.4373522,30.8364628],[-84.4373366,30.835887],[-84.4374146,30.8355522],[-84.4375862,30.8349229],[-84.4379136,30.8348518],[-84.4382879,30.8350125],[-84.438553,30.8353339],[-84.4385374,30.8358025],[-84.4383191,30.8367975],[-84.4379448,30.8371189],[-84.4372275,30.8370251]]]},"properties":{"track_name":"Sand Track","day_of_week":"Sunday","date":"2026-08-23","status":"","open_time":"","close_time":"","session":"Evening","notes":"","active":"No","display_name":"Sand\nTrack"}},{"type":"Feature","geometry":{"type":"Polygon","coordinates":[[[-84.4397382,30.8355347],[-84.4401749,30.8355213],[-84.4402749,30.8364069],[-84.4397538,30.8363515],[-84.4397382,30.8355347]]]},"properties":{"track_name":"Drills Track","day_of_week":"Sunday","date":"2026-08-23","status":"","open_time":"","close_time":"","session":"Morning","notes":"","active":"No","display_name":"Drills\nTrack"}},{"type":"Feature","geometry":{"type":"Polygon","coordinates":[[[-84.4397382,30.8355347],[-84.4401749,30.8355213],[-84.4402749,30.8364069],[-84.4397538,30.8363515],[-84.4397382,30.8355347]]]},"properties":{"track_name":"Drills Track","day_of_week":"Sunday","date":"2026-08-23","status":"","open_time":"","close_time":"","session":"Afternoon","notes":"","active":"No","display_name":"Drills\nTrack"}},{"type":"Feature","geometry":{"type":"Polygon","coordinates":[[[-84.4397382,30.8355347],[-84.4401749,30.8355213],[-84.4402749,30.8364069],[-84.4397538,30.8363515],[-84.4397382,30.8355347]]]},"properties":{"track_name":"Drills Track","day_of_week":"Sunday","date":"2026-08-23","status":"","open_time":"","close_time":"","session":"Evening","notes":"","active":"No","display_name":"Drills\nTrack"}},{"type":"Feature","geometry":{"type":"Polygon","coordinates":[[[-84.4369523,30.8387197],[-84.4365408,30.8382057],[-84.4365408,30.8374206],[-84.4375695,30.8373814],[-84.4378666,30.8381701],[-84.4374094,30.8385823],[-84.4369523,30.8387197]]]},"properties":{"track_name":"Lower Turn Track","day_of_week":"Sunday","date":"2026-08-23","status":"","open_time":"","close_time":"","session":"Morning","notes":"","active":"No","display_name":"Lower\nTurn\nTrack"}},{"type":"Feature","geometry":{"type":"Polygon","coordinates":[[[-84.4369523,30.8387197],[-84.4365408,30.8382057],[-84.4365408,30.8374206],[-84.4375695,30.8373814],[-84.4378666,30.8381701],[-84.4374094,30.8385823],[-84.4369523,30.8387197]]]},"properties":{"track_name":"Lower Turn Track","day_of_week":"Sunday","date":"2026-08-23","status":"","open_time":"","close_time":"","session":"Afternoon","notes":"","active":"No","display_name":"Lower\nTurn\nTrack"}},{"type":"Feature","geometry":{"type":"Polygon","coordinates":[[[-84.4369523,30.8387197],[-84.4365408,30.8382057],[-84.4365408,30.8374206],[-84.4375695,30.8373814],[-84.4378666,30.8381701],[-84.4374094,30.8385823],[-84.4369523,30.8387197]]]},"properties":{"track_name":"Lower Turn Track","day_of_week":"Sunday","date":"2026-08-23","status":"","open_time":"","close_time":"","session":"Evening","notes":"","active":"No","display_name":"Lower\nTurn\nTrack"}},{"type":"Feature","geometry":{"type":"Polygon","coordinates":[[[-84.440356,30.8351075],[-84.4405692,30.8350836],[-84.4405878,30.8352189],[-84.4403839,30.8352587],[-84.440356,30.8351075]]]},"properties":{"track_name":"Gym","day_of_week":"Sunday","date":"2026-08-23","status":"","open_time":"","close_time":"","session":"Morning","notes":"","active":"No","display_name":"Gym"}},{"type":"Feature","geometry":{"type":"Polygon","coordinates":[[[-84.440356,30.8351075],[-84.4405692,30.8350836],[-84.4405878,30.8352189],[-84.4403839,30.8352587],[-84.440356,30.8351075]]]},"properties":{"track_name":"Gym","day_of_week":"Sunday","date":"2026-08-23","status":"","open_time":"","close_time":"","session":"Afternoon","notes":"","active":"No","display_name":"Gym"}},{"type":"Feature","geometry":{"type":"Polygon","coordinates":[[[-84.440356,30.8351075],[-84.4405692,30.8350836],[-84.4405878,30.8352189],[-84.4403839,30.8352587],[-84.440356,30.8351075]]]},"properties":{"track_name":"Gym","day_of_week":"Sunday","date":"2026-08-23","status":"","open_time":"","close_time":"","session":"Evening","notes":"","active":"No","display_name":"Gym"}},{"type":"Feature","geometry":{"type":"Polygon","coordinates":[[[-84.4409453,30.8384578],[-84.4404301,30.838219],[-84.4403668,30.8373717],[-84.4412469,30.8373488],[-84.4412904,30.8384081],[-84.4409453,30.8384578]]]},"properties":{"track_name":"Night Track / Vet Track","day_of_week":"Monday","date":"2026-08-24","status":"","open_time":"","close_time":"","session":"Morning","notes":"","active":"No","display_name":"Night\nTrack\nVet\nTrack"}},{"type":"Feature","geometry":{"type":"Polygon","coordinates":[[[-84.4409453,30.8384578],[-84.4404301,30.838219],[-84.4403668,30.8373717],[-84.4412469,30.8373488],[-84.4412904,30.8384081],[-84.4409453,30.8384578]]]},"properties":{"track_name":"Night Track / Vet Track","day_of_week":"Monday","date":"2026-08-24","status":"","open_time":"","close_time":"","session":"Afternoon","notes":"","active":"No","display_name":"Night\nTrack\nVet\nTrack"}},{"type":"Feature","geometry":{"type":"Polygon","coordinates":[[[-84.4409453,30.8384578],[-84.4404301,30.838219],[-84.4403668,30.8373717],[-84.4412469,30.8373488],[-84.4412904,30.8384081],[-84.4409453,30.8384578]]]},"properties":{"track_name":"Night Track / Vet Track","day_of_week":"Monday","date":"2026-08-24","status":"","open_time":"","close_time":"","session":"Evening","notes":"","active":"No","display_name":"Night\nTrack\nVet\nTrack"}},{"type":"Feature","geometry":{"type":"Polygon","coordinates":[[[-84.4402749,30.8364069],[-84.4412349,30.8364187],[-84.4412469,30.8373488],[-84.44021685,30.83733603],[-84.44004073,30.83647645],[-84.4402749,30.8364069]]]},"properties":{"track_name":"Amateur Supercross Track","day_of_week":"Monday","date":"2026-08-24","status":"","open_time":"","close_time":"","session":"Morning","notes":"","active":"No","display_name":"Amateur\nSupercross\nTrack"}},{"type":"Feature","geometry":{"type":"Polygon","coordinates":[[[-84.4402749,30.8364069],[-84.4412349,30.8364187],[-84.4412469,30.8373488],[-84.44021685,30.83733603],[-84.44004073,30.83647645],[-84.4402749,30.8364069]]]},"properties":{"track_name":"Amateur Supercross Track","day_of_week":"Monday","date":"2026-08-24","status":"","open_time":"","close_time":"","session":"Afternoon","notes":"","active":"No","display_name":"Amateur\nSupercross\nTrack"}},{"type":"Feature","geometry":{"type":"Polygon","coordinates":[[[-84.4402749,30.8364069],[-84.4412349,30.8364187],[-84.4412469,30.8373488],[-84.44021685,30.83733603],[-84.44004073,30.83647645],[-84.4402749,30.8364069]]]},"properties":{"track_name":"Amateur Supercross Track","day_of_week":"Monday","date":"2026-08-24","status":"","open_time":"","close_time":"","session":"Evening","notes":"","active":"No","display_name":"Amateur\nSupercross\nTrack"}},{"type":"Feature","geometry":{"type":"Polygon","coordinates":[[[-84.44111,30.8361674],[-84.441133,30.8360654],[-84.4412321,30.8354943],[-84.440814,30.8354136],[-84.4403742,30.8355287],[-84.4403329,30.836279],[-84.44111,30.8361674]]]},"properties":{"track_name":"Pro Supercross Track","day_of_week":"Monday","date":"2026-08-24","status":"","open_time":"","close_time":"","session":"Morning","notes":"","active":"No","display_name":"Pro\nSupercross\nTrack"}},{"type":"Feature","geometry":{"type":"Polygon","coordinates":[[[-84.44111,30.8361674],[-84.441133,30.8360654],[-84.4412321,30.8354943],[-84.440814,30.8354136],[-84.4403742,30.8355287],[-84.4403329,30.836279],[-84.44111,30.8361674]]]},"properties":{"track_name":"Pro Supercross Track","day_of_week":"Monday","date":"2026-08-24","status":"","open_time":"","close_time":"","session":"Afternoon","notes":"","active":"No","display_name":"Pro\nSupercross\nTrack"}},{"type":"Feature","geometry":{"type":"Polygon","coordinates":[[[-84.44111,30.8361674],[-84.441133,30.8360654],[-84.4412321,30.8354943],[-84.440814,30.8354136],[-84.4403742,30.8355287],[-84.4403329,30.836279],[-84.44111,30.8361674]]]},"properties":{"track_name":"Pro Supercross Track","day_of_week":"Monday","date":"2026-08-24","status":"","open_time":"","close_time":"","session":"Evening","notes":"","active":"No","display_name":"Pro\nSupercross\nTrack"}},{"type":"Feature","geometry":{"type":"Polygon","coordinates":[[[-84.4397819,30.8410012],[-84.4392803,30.8412015],[-84.4390587,30.8412315],[-84.4385804,30.8406707],[-84.4380555,30.8401399],[-84.4376939,30.8396692],[-84.4374723,30.8392485],[-84.4376589,30.838918],[-84.4377522,30.8386476],[-84.4380438,30.8383571],[-84.4382188,30.8381869],[-84.4388254,30.8383872],[-84.4393736,30.8385374],[-84.4399102,30.8387277],[-84.4405051,30.8394388],[-84.4400968,30.8396992],[-84.4402018,30.8399195],[-84.4406567,30.8404503],[-84.4402485,30.8407208],[-84.4397819,30.8410012]]]},"properties":{"track_name":"National Motocross Track","day_of_week":"Monday","date":"2026-08-24","status":"","open_time":"","close_time":"","session":"Morning","notes":"","active":"No","display_name":"National\nMotocross\nTrack"}},{"type":"Feature","geometry":{"type":"Polygon","coordinates":[[[-84.4397819,30.8410012],[-84.4392803,30.8412015],[-84.4390587,30.8412315],[-84.4385804,30.8406707],[-84.4380555,30.8401399],[-84.4376939,30.8396692],[-84.4374723,30.8392485],[-84.4376589,30.838918],[-84.4377522,30.8386476],[-84.4380438,30.8383571],[-84.4382188,30.8381869],[-84.4388254,30.8383872],[-84.4393736,30.8385374],[-84.4399102,30.8387277],[-84.4405051,30.8394388],[-84.4400968,30.8396992],[-84.4402018,30.8399195],[-84.4406567,30.8404503],[-84.4402485,30.8407208],[-84.4397819,30.8410012]]]},"properties":{"track_name":"National Motocross Track","day_of_week":"Monday","date":"2026-08-24","status":"","open_time":"","close_time":"","session":"Afternoon","notes":"","active":"No","display_name":"National\nMotocross\nTrack"}},{"type":"Feature","geometry":{"type":"Polygon","coordinates":[[[-84.4397819,30.8410012],[-84.4392803,30.8412015],[-84.4390587,30.8412315],[-84.4385804,30.8406707],[-84.4380555,30.8401399],[-84.4376939,30.8396692],[-84.4374723,30.8392485],[-84.4376589,30.838918],[-84.4377522,30.8386476],[-84.4380438,30.8383571],[-84.4382188,30.8381869],[-84.4388254,30.8383872],[-84.4393736,30.8385374],[-84.4399102,30.8387277],[-84.4405051,30.8394388],[-84.4400968,30.8396992],[-84.4402018,30.8399195],[-84.4406567,30.8404503],[-84.4402485,30.8407208],[-84.4397819,30.8410012]]]},"properties":{"track_name":"National Motocross Track","day_of_week":"Monday","date":"2026-08-24","status":"","open_time":"","close_time":"","session":"Evening","notes":"","active":"No","display_name":"National\nMotocross\nTrack"}},{"type":"Feature","geometry":{"type":"Polygon","coordinates":[[[-84.4372275,30.8370251],[-84.4373522,30.8364628],[-84.4373366,30.835887],[-84.4374146,30.8355522],[-84.4375862,30.8349229],[-84.4379136,30.8348518],[-84.4382879,30.8350125],[-84.438553,30.8353339],[-84.4385374,30.8358025],[-84.4383191,30.8367975],[-84.4379448,30.8371189],[-84.4372275,30.8370251]]]},"properties":{"track_name":"Sand Track","day_of_week":"Monday","date":"2026-08-24","status":"","open_time":"","close_time":"","session":"Morning","notes":"","active":"No","display_name":"Sand\nTrack"}},{"type":"Feature","geometry":{"type":"Polygon","coordinates":[[[-84.4372275,30.8370251],[-84.4373522,30.8364628],[-84.4373366,30.835887],[-84.4374146,30.8355522],[-84.4375862,30.8349229],[-84.4379136,30.8348518],[-84.4382879,30.8350125],[-84.438553,30.8353339],[-84.4385374,30.8358025],[-84.4383191,30.8367975],[-84.4379448,30.8371189],[-84.4372275,30.8370251]]]},"properties":{"track_name":"Sand Track","day_of_week":"Monday","date":"2026-08-24","status":"","open_time":"","close_time":"","session":"Afternoon","notes":"","active":"No","display_name":"Sand\nTrack"}},{"type":"Feature","geometry":{"type":"Polygon","coordinates":[[[-84.4372275,30.8370251],[-84.4373522,30.8364628],[-84.4373366,30.835887],[-84.4374146,30.8355522],[-84.4375862,30.8349229],[-84.4379136,30.8348518],[-84.4382879,30.8350125],[-84.438553,30.8353339],[-84.4385374,30.8358025],[-84.4383191,30.8367975],[-84.4379448,30.8371189],[-84.4372275,30.8370251]]]},"properties":{"track_name":"Sand Track","day_of_week":"Monday","date":"2026-08-24","status":"","open_time":"","close_time":"","session":"Evening","notes":"","active":"No","display_name":"Sand\nTrack"}},{"type":"Feature","geometry":{"type":"Polygon","coordinates":[[[-84.4397382,30.8355347],[-84.4401749,30.8355213],[-84.4402749,30.8364069],[-84.4397538,30.8363515],[-84.4397382,30.8355347]]]},"properties":{"track_name":"Drills Track","day_of_week":"Monday","date":"2026-08-24","status":"","open_time":"","close_time":"","session":"Morning","notes":"","active":"No","display_name":"Drills\nTrack"}},{"type":"Feature","geometry":{"type":"Polygon","coordinates":[[[-84.4397382,30.8355347],[-84.4401749,30.8355213],[-84.4402749,30.8364069],[-84.4397538,30.8363515],[-84.4397382,30.8355347]]]},"properties":{"track_name":"Drills Track","day_of_week":"Monday","date":"2026-08-24","status":"","open_time":"","close_time":"","session":"Afternoon","notes":"","active":"No","display_name":"Drills\nTrack"}},{"type":"Feature","geometry":{"type":"Polygon","coordinates":[[[-84.4397382,30.8355347],[-84.4401749,30.8355213],[-84.4402749,30.8364069],[-84.4397538,30.8363515],[-84.4397382,30.8355347]]]},"properties":{"track_name":"Drills Track","day_of_week":"Monday","date":"2026-08-24","status":"","open_time":"","close_time":"","session":"Evening","notes":"","active":"No","display_name":"Drills\nTrack"}},{"type":"Feature","geometry":{"type":"Polygon","coordinates":[[[-84.4369523,30.8387197],[-84.4365408,30.8382057],[-84.4365408,30.8374206],[-84.4375695,30.8373814],[-84.4378666,30.8381701],[-84.4374094,30.8385823],[-84.4369523,30.8387197]]]},"properties":{"track_name":"Lower Turn Track","day_of_week":"Monday","date":"2026-08-24","status":"","open_time":"","close_time":"","session":"Morning","notes":"","active":"No","display_name":"Lower\nTurn\nTrack"}},{"type":"Feature","geometry":{"type":"Polygon","coordinates":[[[-84.4369523,30.8387197],[-84.4365408,30.8382057],[-84.4365408,30.8374206],[-84.4375695,30.8373814],[-84.4378666,30.8381701],[-84.4374094,30.8385823],[-84.4369523,30.8387197]]]},"properties":{"track_name":"Lower Turn Track","day_of_week":"Monday","date":"2026-08-24","status":"","open_time":"","close_time":"","session":"Afternoon","notes":"","active":"No","display_name":"Lower\nTurn\nTrack"}},{"type":"Feature","geometry":{"type":"Polygon","coordinates":[[[-84.4369523,30.8387197],[-84.4365408,30.8382057],[-84.4365408,30.8374206],[-84.4375695,30.8373814],[-84.4378666,30.8381701],[-84.4374094,30.8385823],[-84.4369523,30.8387197]]]},"properties":{"track_name":"Lower Turn Track","day_of_week":"Monday","date":"2026-08-24","status":"","open_time":"","close_time":"","session":"Evening","notes":"","active":"No","display_name":"Lower\nTurn\nTrack"}},{"type":"Feature","geometry":{"type":"Polygon","coordinates":[[[-84.440356,30.8351075],[-84.4405692,30.8350836],[-84.4405878,30.8352189],[-84.4403839,30.8352587],[-84.440356,30.8351075]]]},"properties":{"track_name":"Gym","day_of_week":"Monday","date":"2026-08-24","status":"","open_time":"","close_time":"","session":"Morning","notes":"","active":"No","display_name":"Gym"}},{"type":"Feature","geometry":{"type":"Polygon","coordinates":[[[-84.440356,30.8351075],[-84.4405692,30.8350836],[-84.4405878,30.8352189],[-84.4403839,30.8352587],[-84.440356,30.8351075]]]},"properties":{"track_name":"Gym","day_of_week":"Monday","date":"2026-08-24","status":"","open_time":"","close_time":"","session":"Afternoon","notes":"","active":"No","display_name":"Gym"}},{"type":"Feature","geometry":{"type":"Polygon","coordinates":[[[-84.440356,30.8351075],[-84.4405692,30.8350836],[-84.4405878,30.8352189],[-84.4403839,30.8352587],[-84.440356,30.8351075]]]},"properties":{"track_name":"Gym","day_of_week":"Monday","date":"2026-08-24","status":"","open_time":"","close_time":"","session":"Evening","notes":"","active":"No","display_name":"Gym"}},{"type":"Feature","geometry":{"type":"Polygon","coordinates":[[[-84.4409453,30.8384578],[-84.4404301,30.838219],[-84.4403668,30.8373717],[-84.4412469,30.8373488],[-84.4412904,30.8384081],[-84.4409453,30.8384578]]]},"properties":{"track_name":"Night Track / Vet Track","day_of_week":"Tuesday","date":"2026-08-25","status":"","open_time":"","close_time":"","session":"Morning","notes":"","active":"No","display_name":"Night\nTrack\nVet\nTrack"}},{"type":"Feature","geometry":{"type":"Polygon","coordinates":[[[-84.4409453,30.8384578],[-84.4404301,30.838219],[-84.4403668,30.8373717],[-84.4412469,30.8373488],[-84.4412904,30.8384081],[-84.4409453,30.8384578]]]},"properties":{"track_name":"Night Track / Vet Track","day_of_week":"Tuesday","date":"2026-08-25","status":"","open_time":"","close_time":"","session":"Afternoon","notes":"","active":"No","display_name":"Night\nTrack\nVet\nTrack"}},{"type":"Feature","geometry":{"type":"Polygon","coordinates":[[[-84.4409453,30.8384578],[-84.4404301,30.838219],[-84.4403668,30.8373717],[-84.4412469,30.8373488],[-84.4412904,30.8384081],[-84.4409453,30.8384578]]]},"properties":{"track_name":"Night Track / Vet Track","day_of_week":"Tuesday","date":"2026-08-25","status":"","open_time":"","close_time":"","session":"Evening","notes":"","active":"No","display_name":"Night\nTrack\nVet\nTrack"}},{"type":"Feature","geometry":{"type":"Polygon","coordinates":[[[-84.4402749,30.8364069],[-84.4412349,30.8364187],[-84.4412469,30.8373488],[-84.44021685,30.83733603],[-84.44004073,30.83647645],[-84.4402749,30.8364069]]]},"properties":{"track_name":"Amateur Supercross Track","day_of_week":"Tuesday","date":"2026-08-25","status":"","open_time":"","close_time":"","session":"Morning","notes":"","active":"No","display_name":"Amateur\nSupercross\nTrack"}},{"type":"Feature","geometry":{"type":"Polygon","coordinates":[[[-84.4402749,30.8364069],[-84.4412349,30.8364187],[-84.4412469,30.8373488],[-84.44021685,30.83733603],[-84.44004073,30.83647645],[-84.4402749,30.8364069]]]},"properties":{"track_name":"Amateur Supercross Track","day_of_week":"Tuesday","date":"2026-08-25","status":"","open_time":"","close_time":"","session":"Afternoon","notes":"","active":"No","display_name":"Amateur\nSupercross\nTrack"}},{"type":"Feature","geometry":{"type":"Polygon","coordinates":[[[-84.4402749,30.8364069],[-84.4412349,30.8364187],[-84.4412469,30.8373488],[-84.44021685,30.83733603],[-84.44004073,30.83647645],[-84.4402749,30.8364069]]]},"properties":{"track_name":"Amateur Supercross Track","day_of_week":"Tuesday","date":"2026-08-25","status":"","open_time":"","close_time":"","session":"Evening","notes":"","active":"No","display_name":"Amateur\nSupercross\nTrack"}},{"type":"Feature","geometry":{"type":"Polygon","coordinates":[[[-84.44111,30.8361674],[-84.441133,30.8360654],[-84.4412321,30.8354943],[-84.440814,30.8354136],[-84.4403742,30.8355287],[-84.4403329,30.836279],[-84.44111,30.8361674]]]},"properties":{"track_name":"Pro Supercross Track","day_of_week":"Tuesday","date":"2026-08-25","status":"","open_time":"","close_time":"","session":"Morning","notes":"","active":"No","display_name":"Pro\nSupercross\nTrack"}},{"type":"Feature","geometry":{"type":"Polygon","coordinates":[[[-84.44111,30.8361674],[-84.441133,30.8360654],[-84.4412321,30.8354943],[-84.440814,30.8354136],[-84.4403742,30.8355287],[-84.4403329,30.836279],[-84.44111,30.8361674]]]},"properties":{"track_name":"Pro Supercross Track","day_of_week":"Tuesday","date":"2026-08-25","status":"","open_time":"","close_time":"","session":"Afternoon","notes":"","active":"No","display_name":"Pro\nSupercross\nTrack"}},{"type":"Feature","geometry":{"type":"Polygon","coordinates":[[[-84.44111,30.8361674],[-84.441133,30.8360654],[-84.4412321,30.8354943],[-84.440814,30.8354136],[-84.4403742,30.8355287],[-84.4403329,30.836279],[-84.44111,30.8361674]]]},"properties":{"track_name":"Pro Supercross Track","day_of_week":"Tuesday","date":"2026-08-25","status":"","open_time":"","close_time":"","session":"Evening","notes":"","active":"No","display_name":"Pro\nSupercross\nTrack"}},{"type":"Feature","geometry":{"type":"Polygon","coordinates":[[[-84.4397819,30.8410012],[-84.4392803,30.8412015],[-84.4390587,30.8412315],[-84.4385804,30.8406707],[-84.4380555,30.8401399],[-84.4376939,30.8396692],[-84.4374723,30.8392485],[-84.4376589,30.838918],[-84.4377522,30.8386476],[-84.4380438,30.8383571],[-84.4382188,30.8381869],[-84.4388254,30.8383872],[-84.4393736,30.8385374],[-84.4399102,30.8387277],[-84.4405051,30.8394388],[-84.4400968,30.8396992],[-84.4402018,30.8399195],[-84.4406567,30.8404503],[-84.4402485,30.8407208],[-84.4397819,30.8410012]]]},"properties":{"track_name":"National Motocross Track","day_of_week":"Tuesday","date":"2026-08-25","status":"","open_time":"","close_time":"","session":"Morning","notes":"","active":"No","display_name":"National\nMotocross\nTrack"}},{"type":"Feature","geometry":{"type":"Polygon","coordinates":[[[-84.4397819,30.8410012],[-84.4392803,30.8412015],[-84.4390587,30.8412315],[-84.4385804,30.8406707],[-84.4380555,30.8401399],[-84.4376939,30.8396692],[-84.4374723,30.8392485],[-84.4376589,30.838918],[-84.4377522,30.8386476],[-84.4380438,30.8383571],[-84.4382188,30.8381869],[-84.4388254,30.8383872],[-84.4393736,30.8385374],[-84.4399102,30.8387277],[-84.4405051,30.8394388],[-84.4400968,30.8396992],[-84.4402018,30.8399195],[-84.4406567,30.8404503],[-84.4402485,30.8407208],[-84.4397819,30.8410012]]]},"properties":{"track_name":"National Motocross Track","day_of_week":"Tuesday","date":"2026-08-25","status":"","open_time":"","close_time":"","session":"Afternoon","notes":"","active":"No","display_name":"National\nMotocross\nTrack"}},{"type":"Feature","geometry":{"type":"Polygon","coordinates":[[[-84.4397819,30.8410012],[-84.4392803,30.8412015],[-84.4390587,30.8412315],[-84.4385804,30.8406707],[-84.4380555,30.8401399],[-84.4376939,30.8396692],[-84.4374723,30.8392485],[-84.4376589,30.838918],[-84.4377522,30.8386476],[-84.4380438,30.8383571],[-84.4382188,30.8381869],[-84.4388254,30.8383872],[-84.4393736,30.8385374],[-84.4399102,30.8387277],[-84.4405051,30.8394388],[-84.4400968,30.8396992],[-84.4402018,30.8399195],[-84.4406567,30.8404503],[-84.4402485,30.8407208],[-84.4397819,30.8410012]]]},"properties":{"track_name":"National Motocross Track","day_of_week":"Tuesday","date":"2026-08-25","status":"","open_time":"","close_time":"","session":"Evening","notes":"","active":"No","display_name":"National\nMotocross\nTrack"}},{"type":"Feature","geometry":{"type":"Polygon","coordinates":[[[-84.4372275,30.8370251],[-84.4373522,30.8364628],[-84.4373366,30.835887],[-84.4374146,30.8355522],[-84.4375862,30.8349229],[-84.4379136,30.8348518],[-84.4382879,30.8350125],[-84.438553,30.8353339],[-84.4385374,30.8358025],[-84.4383191,30.8367975],[-84.4379448,30.8371189],[-84.4372275,30.8370251]]]},"properties":{"track_name":"Sand Track","day_of_week":"Tuesday","date":"2026-08-25","status":"","open_time":"","close_time":"","session":"Morning","notes":"","active":"No","display_name":"Sand\nTrack"}},{"type":"Feature","geometry":{"type":"Polygon","coordinates":[[[-84.4372275,30.8370251],[-84.4373522,30.8364628],[-84.4373366,30.835887],[-84.4374146,30.8355522],[-84.4375862,30.8349229],[-84.4379136,30.8348518],[-84.4382879,30.8350125],[-84.438553,30.8353339],[-84.4385374,30.8358025],[-84.4383191,30.8367975],[-84.4379448,30.8371189],[-84.4372275,30.8370251]]]},"properties":{"track_name":"Sand Track","day_of_week":"Tuesday","date":"2026-08-25","status":"","open_time":"","close_time":"","session":"Afternoon","notes":"","active":"No","display_name":"Sand\nTrack"}},{"type":"Feature","geometry":{"type":"Polygon","coordinates":[[[-84.4372275,30.8370251],[-84.4373522,30.8364628],[-84.4373366,30.835887],[-84.4374146,30.8355522],[-84.4375862,30.8349229],[-84.4379136,30.8348518],[-84.4382879,30.8350125],[-84.438553,30.8353339],[-84.4385374,30.8358025],[-84.4383191,30.8367975],[-84.4379448,30.8371189],[-84.4372275,30.8370251]]]},"properties":{"track_name":"Sand Track","day_of_week":"Tuesday","date":"2026-08-25","status":"","open_time":"","close_time":"","session":"Evening","notes":"","active":"No","display_name":"Sand\nTrack"}},{"type":"Feature","geometry":{"type":"Polygon","coordinates":[[[-84.4397382,30.8355347],[-84.4401749,30.8355213],[-84.4402749,30.8364069],[-84.4397538,30.8363515],[-84.4397382,30.8355347]]]},"properties":{"track_name":"Drills Track","day_of_week":"Tuesday","date":"2026-08-25","status":"","open_time":"","close_time":"","session":"Morning","notes":"","active":"No","display_name":"Drills\nTrack"}},{"type":"Feature","geometry":{"type":"Polygon","coordinates":[[[-84.4397382,30.8355347],[-84.4401749,30.8355213],[-84.4402749,30.8364069],[-84.4397538,30.8363515],[-84.4397382,30.8355347]]]},"properties":{"track_name":"Drills Track","day_of_week":"Tuesday","date":"2026-08-25","status":"","open_time":"","close_time":"","session":"Afternoon","notes":"","active":"No","display_name":"Drills\nTrack"}},{"type":"Feature","geometry":{"type":"Polygon","coordinates":[[[-84.4397382,30.8355347],[-84.4401749,30.8355213],[-84.4402749,30.8364069],[-84.4397538,30.8363515],[-84.4397382,30.8355347]]]},"properties":{"track_name":"Drills Track","day_of_week":"Tuesday","date":"2026-08-25","status":"","open_time":"","close_time":"","session":"Evening","notes":"","active":"No","display_name":"Drills\nTrack"}},{"type":"Feature","geometry":{"type":"Polygon","coordinates":[[[-84.4369523,30.8387197],[-84.4365408,30.8382057],[-84.4365408,30.8374206],[-84.4375695,30.8373814],[-84.4378666,30.8381701],[-84.4374094,30.8385823],[-84.4369523,30.8387197]]]},"properties":{"track_name":"Lower Turn Track","day_of_week":"Tuesday","date":"2026-08-25","status":"","open_time":"","close_time":"","session":"Morning","notes":"","active":"No","display_name":"Lower\nTurn\nTrack"}},{"type":"Feature","geometry":{"type":"Polygon","coordinates":[[[-84.4369523,30.8387197],[-84.4365408,30.8382057],[-84.4365408,30.8374206],[-84.4375695,30.8373814],[-84.4378666,30.8381701],[-84.4374094,30.8385823],[-84.4369523,30.8387197]]]},"properties":{"track_name":"Lower Turn Track","day_of_week":"Tuesday","date":"2026-08-25","status":"","open_time":"","close_time":"","session":"Afternoon","notes":"","active":"No","display_name":"Lower\nTurn\nTrack"}},{"type":"Feature","geometry":{"type":"Polygon","coordinates":[[[-84.4369523,30.8387197],[-84.4365408,30.8382057],[-84.4365408,30.8374206],[-84.4375695,30.8373814],[-84.4378666,30.8381701],[-84.4374094,30.8385823],[-84.4369523,30.8387197]]]},"properties":{"track_name":"Lower Turn Track","day_of_week":"Tuesday","date":"2026-08-25","status":"","open_time":"","close_time":"","session":"Evening","notes":"","active":"No","display_name":"Lower\nTurn\nTrack"}},{"type":"Feature","geometry":{"type":"Polygon","coordinates":[[[-84.440356,30.8351075],[-84.4405692,30.8350836],[-84.4405878,30.8352189],[-84.4403839,30.8352587],[-84.440356,30.8351075]]]},"properties":{"track_name":"Gym","day_of_week":"Tuesday","date":"2026-08-25","status":"","open_time":"","close_time":"","session":"Morning","notes":"","active":"No","display_name":"Gym"}},{"type":"Feature","geometry":{"type":"Polygon","coordinates":[[[-84.440356,30.8351075],[-84.4405692,30.8350836],[-84.4405878,30.8352189],[-84.4403839,30.8352587],[-84.440356,30.8351075]]]},"properties":{"track_name":"Gym","day_of_week":"Tuesday","date":"2026-08-25","status":"","open_time":"","close_time":"","session":"Afternoon","notes":"","active":"No","display_name":"Gym"}},{"type":"Feature","geometry":{"type":"Polygon","coordinates":[[[-84.440356,30.8351075],[-84.4405692,30.8350836],[-84.4405878,30.8352189],[-84.4403839,30.8352587],[-84.440356,30.8351075]]]},"properties":{"track_name":"Gym","day_of_week":"Tuesday","date":"2026-08-25","status":"","open_time":"","close_time":"","session":"Evening","notes":"","active":"No","display_name":"Gym"}},{"type":"Feature","geometry":{"type":"Polygon","coordinates":[[[-84.4409453,30.8384578],[-84.4404301,30.838219],[-84.4403668,30.8373717],[-84.4412469,30.8373488],[-84.4412904,30.8384081],[-84.4409453,30.8384578]]]},"properties":{"track_name":"Night Track / Vet Track","day_of_week":"Wednesday","date":"2026-08-26","status":"","open_time":"","close_time":"","session":"Morning","notes":"","active":"No","display_name":"Night\nTrack\nVet\nTrack"}},{"type":"Feature","geometry":{"type":"Polygon","coordinates":[[[-84.4409453,30.8384578],[-84.4404301,30.838219],[-84.4403668,30.8373717],[-84.4412469,30.8373488],[-84.4412904,30.8384081],[-84.4409453,30.8384578]]]},"properties":{"track_name":"Night Track / Vet Track","day_of_week":"Wednesday","date":"2026-08-26","status":"","open_time":"","close_time":"","session":"Afternoon","notes":"","active":"No","display_name":"Night\nTrack\nVet\nTrack"}},{"type":"Feature","geometry":{"type":"Polygon","coordinates":[[[-84.4409453,30.8384578],[-84.4404301,30.838219],[-84.4403668,30.8373717],[-84.4412469,30.8373488],[-84.4412904,30.8384081],[-84.4409453,30.8384578]]]},"properties":{"track_name":"Night Track / Vet Track","day_of_week":"Wednesday","date":"2026-08-26","status":"","open_time":"","close_time":"","session":"Evening","notes":"","active":"No","display_name":"Night\nTrack\nVet\nTrack"}},{"type":"Feature","geometry":{"type":"Polygon","coordinates":[[[-84.4402749,30.8364069],[-84.4412349,30.8364187],[-84.4412469,30.8373488],[-84.44021685,30.83733603],[-84.44004073,30.83647645],[-84.4402749,30.8364069]]]},"properties":{"track_name":"Amateur Supercross Track","day_of_week":"Wednesday","date":"2026-08-26","status":"","open_time":"","close_time":"","session":"Morning","notes":"","active":"No","display_name":"Amateur\nSupercross\nTrack"}},{"type":"Feature","geometry":{"type":"Polygon","coordinates":[[[-84.4402749,30.8364069],[-84.4412349,30.8364187],[-84.4412469,30.8373488],[-84.44021685,30.83733603],[-84.44004073,30.83647645],[-84.4402749,30.8364069]]]},"properties":{"track_name":"Amateur Supercross Track","day_of_week":"Wednesday","date":"2026-08-26","status":"","open_time":"","close_time":"","session":"Afternoon","notes":"","active":"No","display_name":"Amateur\nSupercross\nTrack"}},{"type":"Feature","geometry":{"type":"Polygon","coordinates":[[[-84.4402749,30.8364069],[-84.4412349,30.8364187],[-84.4412469,30.8373488],[-84.44021685,30.83733603],[-84.44004073,30.83647645],[-84.4402749,30.8364069]]]},"properties":{"track_name":"Amateur Supercross Track","day_of_week":"Wednesday","date":"2026-08-26","status":"","open_time":"","close_time":"","session":"Evening","notes":"","active":"No","display_name":"Amateur\nSupercross\nTrack"}},{"type":"Feature","geometry":{"type":"Polygon","coordinates":[[[-84.44111,30.8361674],[-84.441133,30.8360654],[-84.4412321,30.8354943],[-84.440814,30.8354136],[-84.4403742,30.8355287],[-84.4403329,30.836279],[-84.44111,30.8361674]]]},"properties":{"track_name":"Pro Supercross Track","day_of_week":"Wednesday","date":"2026-08-26","status":"","open_time":"","close_time":"","session":"Morning","notes":"","active":"No","display_name":"Pro\nSupercross\nTrack"}},{"type":"Feature","geometry":{"type":"Polygon","coordinates":[[[-84.44111,30.8361674],[-84.441133,30.8360654],[-84.4412321,30.8354943],[-84.440814,30.8354136],[-84.4403742,30.8355287],[-84.4403329,30.836279],[-84.44111,30.8361674]]]},"properties":{"track_name":"Pro Supercross Track","day_of_week":"Wednesday","date":"2026-08-26","status":"","open_time":"","close_time":"","session":"Afternoon","notes":"","active":"No","display_name":"Pro\nSupercross\nTrack"}},{"type":"Feature","geometry":{"type":"Polygon","coordinates":[[[-84.44111,30.8361674],[-84.441133,30.8360654],[-84.4412321,30.8354943],[-84.440814,30.8354136],[-84.4403742,30.8355287],[-84.4403329,30.836279],[-84.44111,30.8361674]]]},"properties":{"track_name":"Pro Supercross Track","day_of_week":"Wednesday","date":"2026-08-26","status":"","open_time":"","close_time":"","session":"Evening","notes":"","active":"No","display_name":"Pro\nSupercross\nTrack"}},{"type":"Feature","geometry":{"type":"Polygon","coordinates":[[[-84.4397819,30.8410012],[-84.4392803,30.8412015],[-84.4390587,30.8412315],[-84.4385804,30.8406707],[-84.4380555,30.8401399],[-84.4376939,30.8396692],[-84.4374723,30.8392485],[-84.4376589,30.838918],[-84.4377522,30.8386476],[-84.4380438,30.8383571],[-84.4382188,30.8381869],[-84.4388254,30.8383872],[-84.4393736,30.8385374],[-84.4399102,30.8387277],[-84.4405051,30.8394388],[-84.4400968,30.8396992],[-84.4402018,30.8399195],[-84.4406567,30.8404503],[-84.4402485,30.8407208],[-84.4397819,30.8410012]]]},"properties":{"track_name":"National Motocross Track","day_of_week":"Wednesday","date":"2026-08-26","status":"","open_time":"","close_time":"","session":"Morning","notes":"","active":"No","display_name":"National\nMotocross\nTrack"}},{"type":"Feature","geometry":{"type":"Polygon","coordinates":[[[-84.4397819,30.8410012],[-84.4392803,30.8412015],[-84.4390587,30.8412315],[-84.4385804,30.8406707],[-84.4380555,30.8401399],[-84.4376939,30.8396692],[-84.4374723,30.8392485],[-84.4376589,30.838918],[-84.4377522,30.8386476],[-84.4380438,30.8383571],[-84.4382188,30.8381869],[-84.4388254,30.8383872],[-84.4393736,30.8385374],[-84.4399102,30.8387277],[-84.4405051,30.8394388],[-84.4400968,30.8396992],[-84.4402018,30.8399195],[-84.4406567,30.8404503],[-84.4402485,30.8407208],[-84.4397819,30.8410012]]]},"properties":{"track_name":"National Motocross Track","day_of_week":"Wednesday","date":"2026-08-26","status":"","open_time":"","close_time":"","session":"Afternoon","notes":"","active":"No","display_name":"National\nMotocross\nTrack"}},{"type":"Feature","geometry":{"type":"Polygon","coordinates":[[[-84.4397819,30.8410012],[-84.4392803,30.8412015],[-84.4390587,30.8412315],[-84.4385804,30.8406707],[-84.4380555,30.8401399],[-84.4376939,30.8396692],[-84.4374723,30.8392485],[-84.4376589,30.838918],[-84.4377522,30.8386476],[-84.4380438,30.8383571],[-84.4382188,30.8381869],[-84.4388254,30.8383872],[-84.4393736,30.8385374],[-84.4399102,30.8387277],[-84.4405051,30.8394388],[-84.4400968,30.8396992],[-84.4402018,30.8399195],[-84.4406567,30.8404503],[-84.4402485,30.8407208],[-84.4397819,30.8410012]]]},"properties":{"track_name":"National Motocross Track","day_of_week":"Wednesday","date":"2026-08-26","status":"","open_time":"","close_time":"","session":"Evening","notes":"","active":"No","display_name":"National\nMotocross\nTrack"}},{"type":"Feature","geometry":{"type":"Polygon","coordinates":[[[-84.4372275,30.8370251],[-84.4373522,30.8364628],[-84.4373366,30.835887],[-84.4374146,30.8355522],[-84.4375862,30.8349229],[-84.4379136,30.8348518],[-84.4382879,30.8350125],[-84.438553,30.8353339],[-84.4385374,30.8358025],[-84.4383191,30.8367975],[-84.4379448,30.8371189],[-84.4372275,30.8370251]]]},"properties":{"track_name":"Sand Track","day_of_week":"Wednesday","date":"2026-08-26","status":"","open_time":"","close_time":"","session":"Morning","notes":"","active":"No","display_name":"Sand\nTrack"}},{"type":"Feature","geometry":{"type":"Polygon","coordinates":[[[-84.4372275,30.8370251],[-84.4373522,30.8364628],[-84.4373366,30.835887],[-84.4374146,30.8355522],[-84.4375862,30.8349229],[-84.4379136,30.8348518],[-84.4382879,30.8350125],[-84.438553,30.8353339],[-84.4385374,30.8358025],[-84.4383191,30.8367975],[-84.4379448,30.8371189],[-84.4372275,30.8370251]]]},"properties":{"track_name":"Sand Track","day_of_week":"Wednesday","date":"2026-08-26","status":"","open_time":"","close_time":"","session":"Afternoon","notes":"","active":"No","display_name":"Sand\nTrack"}},{"type":"Feature","geometry":{"type":"Polygon","coordinates":[[[-84.4372275,30.8370251],[-84.4373522,30.8364628],[-84.4373366,30.835887],[-84.4374146,30.8355522],[-84.4375862,30.8349229],[-84.4379136,30.8348518],[-84.4382879,30.8350125],[-84.438553,30.8353339],[-84.4385374,30.8358025],[-84.4383191,30.8367975],[-84.4379448,30.8371189],[-84.4372275,30.8370251]]]},"properties":{"track_name":"Sand Track","day_of_week":"Wednesday","date":"2026-08-26","status":"","open_time":"","close_time":"","session":"Evening","notes":"","active":"No","display_name":"Sand\nTrack"}},{"type":"Feature","geometry":{"type":"Polygon","coordinates":[[[-84.4397382,30.8355347],[-84.4401749,30.8355213],[-84.4402749,30.8364069],[-84.4397538,30.8363515],[-84.4397382,30.8355347]]]},"properties":{"track_name":"Drills Track","day_of_week":"Wednesday","date":"2026-08-26","status":"","open_time":"","close_time":"","session":"Morning","notes":"","active":"No","display_name":"Drills\nTrack"}},{"type":"Feature","geometry":{"type":"Polygon","coordinates":[[[-84.4397382,30.8355347],[-84.4401749,30.8355213],[-84.4402749,30.8364069],[-84.4397538,30.8363515],[-84.4397382,30.8355347]]]},"properties":{"track_name":"Drills Track","day_of_week":"Wednesday","date":"2026-08-26","status":"","open_time":"","close_time":"","session":"Afternoon","notes":"","active":"No","display_name":"Drills\nTrack"}},{"type":"Feature","geometry":{"type":"Polygon","coordinates":[[[-84.4397382,30.8355347],[-84.4401749,30.8355213],[-84.4402749,30.8364069],[-84.4397538,30.8363515],[-84.4397382,30.8355347]]]},"properties":{"track_name":"Drills Track","day_of_week":"Wednesday","date":"2026-08-26","status":"","open_time":"","close_time":"","session":"Evening","notes":"","active":"No","display_name":"Drills\nTrack"}},{"type":"Feature","geometry":{"type":"Polygon","coordinates":[[[-84.4369523,30.8387197],[-84.4365408,30.8382057],[-84.4365408,30.8374206],[-84.4375695,30.8373814],[-84.4378666,30.8381701],[-84.4374094,30.8385823],[-84.4369523,30.8387197]]]},"properties":{"track_name":"Lower Turn Track","day_of_week":"Wednesday","date":"2026-08-26","status":"","open_time":"","close_time":"","session":"Morning","notes":"","active":"No","display_name":"Lower\nTurn\nTrack"}},{"type":"Feature","geometry":{"type":"Polygon","coordinates":[[[-84.4369523,30.8387197],[-84.4365408,30.8382057],[-84.4365408,30.8374206],[-84.4375695,30.8373814],[-84.4378666,30.8381701],[-84.4374094,30.8385823],[-84.4369523,30.8387197]]]},"properties":{"track_name":"Lower Turn Track","day_of_week":"Wednesday","date":"2026-08-26","status":"","open_time":"","close_time":"","session":"Afternoon","notes":"","active":"No","display_name":"Lower\nTurn\nTrack"}},{"type":"Feature","geometry":{"type":"Polygon","coordinates":[[[-84.4369523,30.8387197],[-84.4365408,30.8382057],[-84.4365408,30.8374206],[-84.4375695,30.8373814],[-84.4378666,30.8381701],[-84.4374094,30.8385823],[-84.4369523,30.8387197]]]},"properties":{"track_name":"Lower Turn Track","day_of_week":"Wednesday","date":"2026-08-26","status":"","open_time":"","close_time":"","session":"Evening","notes":"","active":"No","display_name":"Lower\nTurn\nTrack"}},{"type":"Feature","geometry":{"type":"Polygon","coordinates":[[[-84.440356,30.8351075],[-84.4405692,30.8350836],[-84.4405878,30.8352189],[-84.4403839,30.8352587],[-84.440356,30.8351075]]]},"properties":{"track_name":"Gym","day_of_week":"Wednesday","date":"2026-08-26","status":"","open_time":"","close_time":"","session":"Morning","notes":"","active":"No","display_name":"Gym"}},{"type":"Feature","geometry":{"type":"Polygon","coordinates":[[[-84.440356,30.8351075],[-84.4405692,30.8350836],[-84.4405878,30.8352189],[-84.4403839,30.8352587],[-84.440356,30.8351075]]]},"properties":{"track_name":"Gym","day_of_week":"Wednesday","date":"2026-08-26","status":"","open_time":"","close_time":"","session":"Afternoon","notes":"","active":"No","display_name":"Gym"}},{"type":"Feature","geometry":{"type":"Polygon","coordinates":[[[-84.440356,30.8351075],[-84.4405692,30.8350836],[-84.4405878,30.8352189],[-84.4403839,30.8352587],[-84.440356,30.8351075]]]},"properties":{"track_name":"Gym","day_of_week":"Wednesday","date":"2026-08-26","status":"","open_time":"","close_time":"","session":"Evening","notes":"","active":"No","display_name":"Gym"}},{"type":"Feature","geometry":{"type":"Polygon","coordinates":[[[-84.4409453,30.8384578],[-84.4404301,30.838219],[-84.4403668,30.8373717],[-84.4412469,30.8373488],[-84.4412904,30.8384081],[-84.4409453,30.8384578]]]},"properties":{"track_name":"Night Track / Vet Track","day_of_week":"Thursday","date":"2026-08-27","status":"","open_time":"","close_time":"","session":"Morning","notes":"","active":"No","display_name":"Night\nTrack\nVet\nTrack"}},{"type":"Feature","geometry":{"type":"Polygon","coordinates":[[[-84.4409453,30.8384578],[-84.4404301,30.838219],[-84.4403668,30.8373717],[-84.4412469,30.8373488],[-84.4412904,30.8384081],[-84.4409453,30.8384578]]]},"properties":{"track_name":"Night Track / Vet Track","day_of_week":"Thursday","date":"2026-08-27","status":"","open_time":"","close_time":"","session":"Afternoon","notes":"","active":"No","display_name":"Night\nTrack\nVet\nTrack"}},{"type":"Feature","geometry":{"type":"Polygon","coordinates":[[[-84.4409453,30.8384578],[-84.4404301,30.838219],[-84.4403668,30.8373717],[-84.4412469,30.8373488],[-84.4412904,30.8384081],[-84.4409453,30.8384578]]]},"properties":{"track_name":"Night Track / Vet Track","day_of_week":"Thursday","date":"2026-08-27","status":"","open_time":"","close_time":"","session":"Evening","notes":"","active":"No","display_name":"Night\nTrack\nVet\nTrack"}},{"type":"Feature","geometry":{"type":"Polygon","coordinates":[[[-84.4402749,30.8364069],[-84.4412349,30.8364187],[-84.4412469,30.8373488],[-84.44021685,30.83733603],[-84.44004073,30.83647645],[-84.4402749,30.8364069]]]},"properties":{"track_name":"Amateur Supercross Track","day_of_week":"Thursday","date":"2026-08-27","status":"","open_time":"","close_time":"","session":"Morning","notes":"","active":"No","display_name":"Amateur\nSupercross\nTrack"}},{"type":"Feature","geometry":{"type":"Polygon","coordinates":[[[-84.4402749,30.8364069],[-84.4412349,30.8364187],[-84.4412469,30.8373488],[-84.44021685,30.83733603],[-84.44004073,30.83647645],[-84.4402749,30.8364069]]]},"properties":{"track_name":"Amateur Supercross Track","day_of_week":"Thursday","date":"2026-08-27","status":"","open_time":"","close_time":"","session":"Afternoon","notes":"","active":"No","display_name":"Amateur\nSupercross\nTrack"}},{"type":"Feature","geometry":{"type":"Polygon","coordinates":[[[-84.4402749,30.8364069],[-84.4412349,30.8364187],[-84.4412469,30.8373488],[-84.44021685,30.83733603],[-84.44004073,30.83647645],[-84.4402749,30.8364069]]]},"properties":{"track_name":"Amateur Supercross Track","day_of_week":"Thursday","date":"2026-08-27","status":"","open_time":"","close_time":"","session":"Evening","notes":"","active":"No","display_name":"Amateur\nSupercross\nTrack"}},{"type":"Feature","geometry":{"type":"Polygon","coordinates":[[[-84.44111,30.8361674],[-84.441133,30.8360654],[-84.4412321,30.8354943],[-84.440814,30.8354136],[-84.4403742,30.8355287],[-84.4403329,30.836279],[-84.44111,30.8361674]]]},"properties":{"track_name":"Pro Supercross Track","day_of_week":"Thursday","date":"2026-08-27","status":"","open_time":"","close_time":"","session":"Morning","notes":"","active":"No","display_name":"Pro\nSupercross\nTrack"}},{"type":"Feature","geometry":{"type":"Polygon","coordinates":[[[-84.44111,30.8361674],[-84.441133,30.8360654],[-84.4412321,30.8354943],[-84.440814,30.8354136],[-84.4403742,30.8355287],[-84.4403329,30.836279],[-84.44111,30.8361674]]]},"properties":{"track_name":"Pro Supercross Track","day_of_week":"Thursday","date":"2026-08-27","status":"","open_time":"","close_time":"","session":"Afternoon","notes":"","active":"No","display_name":"Pro\nSupercross\nTrack"}},{"type":"Feature","geometry":{"type":"Polygon","coordinates":[[[-84.44111,30.8361674],[-84.441133,30.8360654],[-84.4412321,30.8354943],[-84.440814,30.8354136],[-84.4403742,30.8355287],[-84.4403329,30.836279],[-84.44111,30.8361674]]]},"properties":{"track_name":"Pro Supercross Track","day_of_week":"Thursday","date":"2026-08-27","status":"","open_time":"","close_time":"","session":"Evening","notes":"","active":"No","display_name":"Pro\nSupercross\nTrack"}},{"type":"Feature","geometry":{"type":"Polygon","coordinates":[[[-84.4397819,30.8410012],[-84.4392803,30.8412015],[-84.4390587,30.8412315],[-84.4385804,30.8406707],[-84.4380555,30.8401399],[-84.4376939,30.8396692],[-84.4374723,30.8392485],[-84.4376589,30.838918],[-84.4377522,30.8386476],[-84.4380438,30.8383571],[-84.4382188,30.8381869],[-84.4388254,30.8383872],[-84.4393736,30.8385374],[-84.4399102,30.8387277],[-84.4405051,30.8394388],[-84.4400968,30.8396992],[-84.4402018,30.8399195],[-84.4406567,30.8404503],[-84.4402485,30.8407208],[-84.4397819,30.8410012]]]},"properties":{"track_name":"National Motocross Track","day_of_week":"Thursday","date":"2026-08-27","status":"","open_time":"","close_time":"","session":"Morning","notes":"","active":"No","display_name":"National\nMotocross\nTrack"}},{"type":"Feature","geometry":{"type":"Polygon","coordinates":[[[-84.4397819,30.8410012],[-84.4392803,30.8412015],[-84.4390587,30.8412315],[-84.4385804,30.8406707],[-84.4380555,30.8401399],[-84.4376939,30.8396692],[-84.4374723,30.8392485],[-84.4376589,30.838918],[-84.4377522,30.8386476],[-84.4380438,30.8383571],[-84.4382188,30.8381869],[-84.4388254,30.8383872],[-84.4393736,30.8385374],[-84.4399102,30.8387277],[-84.4405051,30.8394388],[-84.4400968,30.8396992],[-84.4402018,30.8399195],[-84.4406567,30.8404503],[-84.4402485,30.8407208],[-84.4397819,30.8410012]]]},"properties":{"track_name":"National Motocross Track","day_of_week":"Thursday","date":"2026-08-27","status":"","open_time":"","close_time":"","session":"Afternoon","notes":"","active":"No","display_name":"National\nMotocross\nTrack"}},{"type":"Feature","geometry":{"type":"Polygon","coordinates":[[[-84.4397819,30.8410012],[-84.4392803,30.8412015],[-84.4390587,30.8412315],[-84.4385804,30.8406707],[-84.4380555,30.8401399],[-84.4376939,30.8396692],[-84.4374723,30.8392485],[-84.4376589,30.838918],[-84.4377522,30.8386476],[-84.4380438,30.8383571],[-84.4382188,30.8381869],[-84.4388254,30.8383872],[-84.4393736,30.8385374],[-84.4399102,30.8387277],[-84.4405051,30.8394388],[-84.4400968,30.8396992],[-84.4402018,30.8399195],[-84.4406567,30.8404503],[-84.4402485,30.8407208],[-84.4397819,30.8410012]]]},"properties":{"track_name":"National Motocross Track","day_of_week":"Thursday","date":"2026-08-27","status":"","open_time":"","close_time":"","session":"Evening","notes":"","active":"No","display_name":"National\nMotocross\nTrack"}},{"type":"Feature","geometry":{"type":"Polygon","coordinates":[[[-84.4372275,30.8370251],[-84.4373522,30.8364628],[-84.4373366,30.835887],[-84.4374146,30.8355522],[-84.4375862,30.8349229],[-84.4379136,30.8348518],[-84.4382879,30.8350125],[-84.438553,30.8353339],[-84.4385374,30.8358025],[-84.4383191,30.8367975],[-84.4379448,30.8371189],[-84.4372275,30.8370251]]]},"properties":{"track_name":"Sand Track","day_of_week":"Thursday","date":"2026-08-27","status":"","open_time":"","close_time":"","session":"Morning","notes":"","active":"No","display_name":"Sand\nTrack"}},{"type":"Feature","geometry":{"type":"Polygon","coordinates":[[[-84.4372275,30.8370251],[-84.4373522,30.8364628],[-84.4373366,30.835887],[-84.4374146,30.8355522],[-84.4375862,30.8349229],[-84.4379136,30.8348518],[-84.4382879,30.8350125],[-84.438553,30.8353339],[-84.4385374,30.8358025],[-84.4383191,30.8367975],[-84.4379448,30.8371189],[-84.4372275,30.8370251]]]},"properties":{"track_name":"Sand Track","day_of_week":"Thursday","date":"2026-08-27","status":"","open_time":"","close_time":"","session":"Afternoon","notes":"","active":"No","display_name":"Sand\nTrack"}},{"type":"Feature","geometry":{"type":"Polygon","coordinates":[[[-84.4372275,30.8370251],[-84.4373522,30.8364628],[-84.4373366,30.835887],[-84.4374146,30.8355522],[-84.4375862,30.8349229],[-84.4379136,30.8348518],[-84.4382879,30.8350125],[-84.438553,30.8353339],[-84.4385374,30.8358025],[-84.4383191,30.8367975],[-84.4379448,30.8371189],[-84.4372275,30.8370251]]]},"properties":{"track_name":"Sand Track","day_of_week":"Thursday","date":"2026-08-27","status":"","open_time":"","close_time":"","session":"Evening","notes":"","active":"No","display_name":"Sand\nTrack"}},{"type":"Feature","geometry":{"type":"Polygon","coordinates":[[[-84.4397382,30.8355347],[-84.4401749,30.8355213],[-84.4402749,30.8364069],[-84.4397538,30.8363515],[-84.4397382,30.8355347]]]},"properties":{"track_name":"Drills Track","day_of_week":"Thursday","date":"2026-08-27","status":"","open_time":"","close_time":"","session":"Morning","notes":"","active":"No","display_name":"Drills\nTrack"}},{"type":"Feature","geometry":{"type":"Polygon","coordinates":[[[-84.4397382,30.8355347],[-84.4401749,30.8355213],[-84.4402749,30.8364069],[-84.4397538,30.8363515],[-84.4397382,30.8355347]]]},"properties":{"track_name":"Drills Track","day_of_week":"Thursday","date":"2026-08-27","status":"","open_time":"","close_time":"","session":"Afternoon","notes":"","active":"No","display_name":"Drills\nTrack"}},{"type":"Feature","geometry":{"type":"Polygon","coordinates":[[[-84.4397382,30.8355347],[-84.4401749,30.8355213],[-84.4402749,30.8364069],[-84.4397538,30.8363515],[-84.4397382,30.8355347]]]},"properties":{"track_name":"Drills Track","day_of_week":"Thursday","date":"2026-08-27","status":"","open_time":"","close_time":"","session":"Evening","notes":"","active":"No","display_name":"Drills\nTrack"}},{"type":"Feature","geometry":{"type":"Polygon","coordinates":[[[-84.4369523,30.8387197],[-84.4365408,30.8382057],[-84.4365408,30.8374206],[-84.4375695,30.8373814],[-84.4378666,30.8381701],[-84.4374094,30.8385823],[-84.4369523,30.8387197]]]},"properties":{"track_name":"Lower Turn Track","day_of_week":"Thursday","date":"2026-08-27","status":"","open_time":"","close_time":"","session":"Morning","notes":"","active":"No","display_name":"Lower\nTurn\nTrack"}},{"type":"Feature","geometry":{"type":"Polygon","coordinates":[[[-84.4369523,30.8387197],[-84.4365408,30.8382057],[-84.4365408,30.8374206],[-84.4375695,30.8373814],[-84.4378666,30.8381701],[-84.4374094,30.8385823],[-84.4369523,30.8387197]]]},"properties":{"track_name":"Lower Turn Track","day_of_week":"Thursday","date":"2026-08-27","status":"","open_time":"","close_time":"","session":"Afternoon","notes":"","active":"No","display_name":"Lower\nTurn\nTrack"}},{"type":"Feature","geometry":{"type":"Polygon","coordinates":[[[-84.4369523,30.8387197],[-84.4365408,30.8382057],[-84.4365408,30.8374206],[-84.4375695,30.8373814],[-84.4378666,30.8381701],[-84.4374094,30.8385823],[-84.4369523,30.8387197]]]},"properties":{"track_name":"Lower Turn Track","day_of_week":"Thursday","date":"2026-08-27","status":"","open_time":"","close_time":"","session":"Evening","notes":"","active":"No","display_name":"Lower\nTurn\nTrack"}},{"type":"Feature","geometry":{"type":"Polygon","coordinates":[[[-84.440356,30.8351075],[-84.4405692,30.8350836],[-84.4405878,30.8352189],[-84.4403839,30.8352587],[-84.440356,30.8351075]]]},"properties":{"track_name":"Gym","day_of_week":"Thursday","date":"2026-08-27","status":"","open_time":"","close_time":"","session":"Morning","notes":"","active":"No","display_name":"Gym"}},{"type":"Feature","geometry":{"type":"Polygon","coordinates":[[[-84.440356,30.8351075],[-84.4405692,30.8350836],[-84.4405878,30.8352189],[-84.4403839,30.8352587],[-84.440356,30.8351075]]]},"properties":{"track_name":"Gym","day_of_week":"Thursday","date":"2026-08-27","status":"","open_time":"","close_time":"","session":"Afternoon","notes":"","active":"No","display_name":"Gym"}},{"type":"Feature","geometry":{"type":"Polygon","coordinates":[[[-84.440356,30.8351075],[-84.4405692,30.8350836],[-84.4405878,30.8352189],[-84.4403839,30.8352587],[-84.440356,30.8351075]]]},"properties":{"track_name":"Gym","day_of_week":"Thursday","date":"2026-08-27","status":"","open_time":"","close_time":"","session":"Evening","notes":"","active":"No","display_name":"Gym"}},{"type":"Feature","geometry":{"type":"Polygon","coordinates":[[[-84.4409453,30.8384578],[-84.4404301,30.838219],[-84.4403668,30.8373717],[-84.4412469,30.8373488],[-84.4412904,30.8384081],[-84.4409453,30.8384578]]]},"properties":{"track_name":"Night Track / Vet Track","day_of_week":"Friday","date":"2026-08-28","status":"","open_time":"","close_time":"","session":"Morning","notes":"","active":"No","display_name":"Night\nTrack\nVet\nTrack"}},{"type":"Feature","geometry":{"type":"Polygon","coordinates":[[[-84.4409453,30.8384578],[-84.4404301,30.838219],[-84.4403668,30.8373717],[-84.4412469,30.8373488],[-84.4412904,30.8384081],[-84.4409453,30.8384578]]]},"properties":{"track_name":"Night Track / Vet Track","day_of_week":"Friday","date":"2026-08-28","status":"","open_time":"","close_time":"","session":"Afternoon","notes":"","active":"Yes","display_name":"Night\nTrack\nVet\nTrack"}},{"type":"Feature","geometry":{"type":"Polygon","coordinates":[[[-84.4409453,30.8384578],[-84.4404301,30.838219],[-84.4403668,30.8373717],[-84.4412469,30.8373488],[-84.4412904,30.8384081],[-84.4409453,30.8384578]]]},"properties":{"track_name":"Night Track / Vet Track","day_of_week":"Friday","date":"2026-08-28","status":"","open_time":"","close_time":"","session":"Evening","notes":"","active":"No","display_name":"Night\nTrack\nVet\nTrack"}},{"type":"Feature","geometry":{"type":"Polygon","coordinates":[[[-84.4402749,30.8364069],[-84.4412349,30.8364187],[-84.4412469,30.8373488],[-84.44021685,30.83733603],[-84.44004073,30.83647645],[-84.4402749,30.8364069]]]},"properties":{"track_name":"Amateur Supercross Track","day_of_week":"Friday","date":"2026-08-28","status":"","open_time":"","close_time":"","session":"Morning","notes":"","active":"No","display_name":"Amateur\nSupercross\nTrack"}},{"type":"Feature","geometry":{"type":"Polygon","coordinates":[[[-84.4402749,30.8364069],[-84.4412349,30.8364187],[-84.4412469,30.8373488],[-84.44021685,30.83733603],[-84.44004073,30.83647645],[-84.4402749,30.8364069]]]},"properties":{"track_name":"Amateur Supercross Track","day_of_week":"Friday","date":"2026-08-28","status":"","open_time":"","close_time":"","session":"Afternoon","notes":"","active":"Yes","display_name":"Amateur\nSupercross\nTrack"}},{"type":"Feature","geometry":{"type":"Polygon","coordinates":[[[-84.4402749,30.8364069],[-84.4412349,30.8364187],[-84.4412469,30.8373488],[-84.44021685,30.83733603],[-84.44004073,30.83647645],[-84.4402749,30.8364069]]]},"properties":{"track_name":"Amateur Supercross Track","day_of_week":"Friday","date":"2026-08-28","status":"","open_time":"","close_time":"","session":"Evening","notes":"","active":"No","display_name":"Amateur\nSupercross\nTrack"}},{"type":"Feature","geometry":{"type":"Polygon","coordinates":[[[-84.44111,30.8361674],[-84.441133,30.8360654],[-84.4412321,30.8354943],[-84.440814,30.8354136],[-84.4403742,30.8355287],[-84.4403329,30.836279],[-84.44111,30.8361674]]]},"properties":{"track_name":"Pro Supercross Track","day_of_week":"Friday","date":"2026-08-28","status":"","open_time":"","close_time":"","session":"Morning","notes":"","active":"No","display_name":"Pro\nSupercross\nTrack"}},{"type":"Feature","geometry":{"type":"Polygon","coordinates":[[[-84.44111,30.8361674],[-84.441133,30.8360654],[-84.4412321,30.8354943],[-84.440814,30.8354136],[-84.4403742,30.8355287],[-84.4403329,30.836279],[-84.44111,30.8361674]]]},"properties":{"track_name":"Pro Supercross Track","day_of_week":"Friday","date":"2026-08-28","status":"","open_time":"","close_time":"","session":"Afternoon","notes":"","active":"Yes","display_name":"Pro\nSupercross\nTrack"}},{"type":"Feature","geometry":{"type":"Polygon","coordinates":[[[-84.44111,30.8361674],[-84.441133,30.8360654],[-84.4412321,30.8354943],[-84.440814,30.8354136],[-84.4403742,30.8355287],[-84.4403329,30.836279],[-84.44111,30.8361674]]]},"properties":{"track_name":"Pro Supercross Track","day_of_week":"Friday","date":"2026-08-28","status":"","open_time":"","close_time":"","session":"Evening","notes":"","active":"No","display_name":"Pro\nSupercross\nTrack"}},{"type":"Feature","geometry":{"type":"Polygon","coordinates":[[[-84.4397819,30.8410012],[-84.4392803,30.8412015],[-84.4390587,30.8412315],[-84.4385804,30.8406707],[-84.4380555,30.8401399],[-84.4376939,30.8396692],[-84.4374723,30.8392485],[-84.4376589,30.838918],[-84.4377522,30.8386476],[-84.4380438,30.8383571],[-84.4382188,30.8381869],[-84.4388254,30.8383872],[-84.4393736,30.8385374],[-84.4399102,30.8387277],[-84.4405051,30.8394388],[-84.4400968,30.8396992],[-84.4402018,30.8399195],[-84.4406567,30.8404503],[-84.4402485,30.8407208],[-84.4397819,30.8410012]]]},"properties":{"track_name":"National Motocross Track","day_of_week":"Friday","date":"2026-08-28","status":"","open_time":"","close_time":"","session":"Morning","notes":"","active":"No","display_name":"National\nMotocross\nTrack"}},{"type":"Feature","geometry":{"type":"Polygon","coordinates":[[[-84.4397819,30.8410012],[-84.4392803,30.8412015],[-84.4390587,30.8412315],[-84.4385804,30.8406707],[-84.4380555,30.8401399],[-84.4376939,30.8396692],[-84.4374723,30.8392485],[-84.4376589,30.838918],[-84.4377522,30.8386476],[-84.4380438,30.8383571],[-84.4382188,30.8381869],[-84.4388254,30.8383872],[-84.4393736,30.8385374],[-84.4399102,30.8387277],[-84.4405051,30.8394388],[-84.4400968,30.8396992],[-84.4402018,30.8399195],[-84.4406567,30.8404503],[-84.4402485,30.8407208],[-84.4397819,30.8410012]]]},"properties":{"track_name":"National Motocross Track","day_of_week":"Friday","date":"2026-08-28","status":"","open_time":"","close_time":"","session":"Afternoon","notes":"","active":"Yes","display_name":"National\nMotocross\nTrack"}},{"type":"Feature","geometry":{"type":"Polygon","coordinates":[[[-84.4397819,30.8410012],[-84.4392803,30.8412015],[-84.4390587,30.8412315],[-84.4385804,30.8406707],[-84.4380555,30.8401399],[-84.4376939,30.8396692],[-84.4374723,30.8392485],[-84.4376589,30.838918],[-84.4377522,30.8386476],[-84.4380438,30.8383571],[-84.4382188,30.8381869],[-84.4388254,30.8383872],[-84.4393736,30.8385374],[-84.4399102,30.8387277],[-84.4405051,30.8394388],[-84.4400968,30.8396992],[-84.4402018,30.8399195],[-84.4406567,30.8404503],[-84.4402485,30.8407208],[-84.4397819,30.8410012]]]},"properties":{"track_name":"National Motocross Track","day_of_week":"Friday","date":"2026-08-28","status":"","open_time":"","close_time":"","session":"Evening","notes":"","active":"No","display_name":"National\nMotocross\nTrack"}},{"type":"Feature","geometry":{"type":"Polygon","coordinates":[[[-84.4372275,30.8370251],[-84.4373522,30.8364628],[-84.4373366,30.835887],[-84.4374146,30.8355522],[-84.4375862,30.8349229],[-84.4379136,30.8348518],[-84.4382879,30.8350125],[-84.438553,30.8353339],[-84.4385374,30.8358025],[-84.4383191,30.8367975],[-84.4379448,30.8371189],[-84.4372275,30.8370251]]]},"properties":{"track_name":"Sand Track","day_of_week":"Friday","date":"2026-08-28","status":"","open_time":"","close_time":"","session":"Morning","notes":"","active":"No","display_name":"Sand\nTrack"}},{"type":"Feature","geometry":{"type":"Polygon","coordinates":[[[-84.4372275,30.8370251],[-84.4373522,30.8364628],[-84.4373366,30.835887],[-84.4374146,30.8355522],[-84.4375862,30.8349229],[-84.4379136,30.8348518],[-84.4382879,30.8350125],[-84.438553,30.8353339],[-84.4385374,30.8358025],[-84.4383191,30.8367975],[-84.4379448,30.8371189],[-84.4372275,30.8370251]]]},"properties":{"track_name":"Sand Track","day_of_week":"Friday","date":"2026-08-28","status":"","open_time":"","close_time":"","session":"Afternoon","notes":"","active":"Yes","display_name":"Sand\nTrack"}},{"type":"Feature","geometry":{"type":"Polygon","coordinates":[[[-84.4372275,30.8370251],[-84.4373522,30.8364628],[-84.4373366,30.835887],[-84.4374146,30.8355522],[-84.4375862,30.8349229],[-84.4379136,30.8348518],[-84.4382879,30.8350125],[-84.438553,30.8353339],[-84.4385374,30.8358025],[-84.4383191,30.8367975],[-84.4379448,30.8371189],[-84.4372275,30.8370251]]]},"properties":{"track_name":"Sand Track","day_of_week":"Friday","date":"2026-08-28","status":"","open_time":"","close_time":"","session":"Evening","notes":"","active":"No","display_name":"Sand\nTrack"}},{"type":"Feature","geometry":{"type":"Polygon","coordinates":[[[-84.4397382,30.8355347],[-84.4401749,30.8355213],[-84.4402749,30.8364069],[-84.4397538,30.8363515],[-84.4397382,30.8355347]]]},"properties":{"track_name":"Drills Track","day_of_week":"Friday","date":"2026-08-28","status":"","open_time":"","close_time":"","session":"Morning","notes":"","active":"No","display_name":"Drills\nTrack"}},{"type":"Feature","geometry":{"type":"Polygon","coordinates":[[[-84.4397382,30.8355347],[-84.4401749,30.8355213],[-84.4402749,30.8364069],[-84.4397538,30.8363515],[-84.4397382,30.8355347]]]},"properties":{"track_name":"Drills Track","day_of_week":"Friday","date":"2026-08-28","status":"","open_time":"","close_time":"","session":"Afternoon","notes":"","active":"Yes","display_name":"Drills\nTrack"}},{"type":"Feature","geometry":{"type":"Polygon","coordinates":[[[-84.4397382,30.8355347],[-84.4401749,30.8355213],[-84.4402749,30.8364069],[-84.4397538,30.8363515],[-84.4397382,30.8355347]]]},"properties":{"track_name":"Drills Track","day_of_week":"Friday","date":"2026-08-28","status":"","open_time":"","close_time":"","session":"Evening","notes":"","active":"No","display_name":"Drills\nTrack"}},{"type":"Feature","geometry":{"type":"Polygon","coordinates":[[[-84.4369523,30.8387197],[-84.4365408,30.8382057],[-84.4365408,30.8374206],[-84.4375695,30.8373814],[-84.4378666,30.8381701],[-84.4374094,30.8385823],[-84.4369523,30.8387197]]]},"properties":{"track_name":"Lower Turn Track","day_of_week":"Friday","date":"2026-08-28","status":"","open_time":"","close_time":"","session":"Morning","notes":"","active":"No","display_name":"Lower\nTurn\nTrack"}},{"type":"Feature","geometry":{"type":"Polygon","coordinates":[[[-84.4369523,30.8387197],[-84.4365408,30.8382057],[-84.4365408,30.8374206],[-84.4375695,30.8373814],[-84.4378666,30.8381701],[-84.4374094,30.8385823],[-84.4369523,30.8387197]]]},"properties":{"track_name":"Lower Turn Track","day_of_week":"Friday","date":"2026-08-28","status":"","open_time":"","close_time":"","session":"Afternoon","notes":"","active":"Yes","display_name":"Lower\nTurn\nTrack"}},{"type":"Feature","geometry":{"type":"Polygon","coordinates":[[[-84.4369523,30.8387197],[-84.4365408,30.8382057],[-84.4365408,30.8374206],[-84.4375695,30.8373814],[-84.4378666,30.8381701],[-84.4374094,30.8385823],[-84.4369523,30.8387197]]]},"properties":{"track_name":"Lower Turn Track","day_of_week":"Friday","date":"2026-08-28","status":"","open_time":"","close_time":"","session":"Evening","notes":"","active":"No","display_name":"Lower\nTurn\nTrack"}},{"type":"Feature","geometry":{"type":"Polygon","coordinates":[[[-84.440356,30.8351075],[-84.4405692,30.8350836],[-84.4405878,30.8352189],[-84.4403839,30.8352587],[-84.440356,30.8351075]]]},"properties":{"track_name":"Gym","day_of_week":"Friday","date":"2026-08-28","status":"","open_time":"","close_time":"","session":"Morning","notes":"","active":"No","display_name":"Gym"}},{"type":"Feature","geometry":{"type":"Polygon","coordinates":[[[-84.440356,30.8351075],[-84.4405692,30.8350836],[-84.4405878,30.8352189],[-84.4403839,30.8352587],[-84.440356,30.8351075]]]},"properties":{"track_name":"Gym","day_of_week":"Friday","date":"2026-08-28","status":"","open_time":"","close_time":"","session":"Afternoon","notes":"","active":"Yes","display_name":"Gym"}},{"type":"Feature","geometry":{"type":"Polygon","coordinates":[[[-84.440356,30.8351075],[-84.4405692,30.8350836],[-84.4405878,30.8352189],[-84.4403839,30.8352587],[-84.440356,30.8351075]]]},"properties":{"track_name":"Gym","day_of_week":"Friday","date":"2026-08-28","status":"","open_time":"","close_time":"","session":"Evening","notes":"","active":"No","display_name":"Gym"}},{"type":"Feature","geometry":{"type":"Polygon","coordinates":[[[-84.4409453,30.8384578],[-84.4404301,30.838219],[-84.4403668,30.8373717],[-84.4412469,30.8373488],[-84.4412904,30.8384081],[-84.4409453,30.8384578]]]},"properties":{"track_name":"Night Track / Vet Track","day_of_week":"Saturday","date":"2026-08-29","status":"","open_time":"","close_time":"","session":"Morning","notes":"","active":"No","display_name":"Night\nTrack\nVet\nTrack"}},{"type":"Feature","geometry":{"type":"Polygon","coordinates":[[[-84.4409453,30.8384578],[-84.4404301,30.838219],[-84.4403668,30.8373717],[-84.4412469,30.8373488],[-84.4412904,30.8384081],[-84.4409453,30.8384578]]]},"properties":{"track_name":"Night Track / Vet Track","day_of_week":"Saturday","date":"2026-08-29","status":"","open_time":"","close_time":"","session":"Afternoon","notes":"","active":"No","display_name":"Night\nTrack\nVet\nTrack"}},{"type":"Feature","geometry":{"type":"Polygon","coordinates":[[[-84.4409453,30.8384578],[-84.4404301,30.838219],[-84.4403668,30.8373717],[-84.4412469,30.8373488],[-84.4412904,30.8384081],[-84.4409453,30.8384578]]]},"properties":{"track_name":"Night Track / Vet Track","day_of_week":"Saturday","date":"2026-08-29","status":"","open_time":"","close_time":"","session":"Evening","notes":"","active":"No","display_name":"Night\nTrack\nVet\nTrack"}},{"type":"Feature","geometry":{"type":"Polygon","coordinates":[[[-84.4402749,30.8364069],[-84.4412349,30.8364187],[-84.4412469,30.8373488],[-84.44021685,30.83733603],[-84.44004073,30.83647645],[-84.4402749,30.8364069]]]},"properties":{"track_name":"Amateur Supercross Track","day_of_week":"Saturday","date":"2026-08-29","status":"","open_time":"","close_time":"","session":"Morning","notes":"","active":"No","display_name":"Amateur\nSupercross\nTrack"}},{"type":"Feature","geometry":{"type":"Polygon","coordinates":[[[-84.4402749,30.8364069],[-84.4412349,30.8364187],[-84.4412469,30.8373488],[-84.44021685,30.83733603],[-84.44004073,30.83647645],[-84.4402749,30.8364069]]]},"properties":{"track_name":"Amateur Supercross Track","day_of_week":"Saturday","date":"2026-08-29","status":"","open_time":"","close_time":"","session":"Afternoon","notes":"","active":"No","display_name":"Amateur\nSupercross\nTrack"}},{"type":"Feature","geometry":{"type":"Polygon","coordinates":[[[-84.4402749,30.8364069],[-84.4412349,30.8364187],[-84.4412469,30.8373488],[-84.44021685,30.83733603],[-84.44004073,30.83647645],[-84.4402749,30.8364069]]]},"properties":{"track_name":"Amateur Supercross Track","day_of_week":"Saturday","date":"2026-08-29","status":"","open_time":"","close_time":"","session":"Evening","notes":"","active":"No","display_name":"Amateur\nSupercross\nTrack"}},{"type":"Feature","geometry":{"type":"Polygon","coordinates":[[[-84.44111,30.8361674],[-84.441133,30.8360654],[-84.4412321,30.8354943],[-84.440814,30.8354136],[-84.4403742,30.8355287],[-84.4403329,30.836279],[-84.44111,30.8361674]]]},"properties":{"track_name":"Pro Supercross Track","day_of_week":"Saturday","date":"2026-08-29","status":"","open_time":"","close_time":"","session":"Morning","notes":"","active":"No","display_name":"Pro\nSupercross\nTrack"}},{"type":"Feature","geometry":{"type":"Polygon","coordinates":[[[-84.44111,30.8361674],[-84.441133,30.8360654],[-84.4412321,30.8354943],[-84.440814,30.8354136],[-84.4403742,30.8355287],[-84.4403329,30.836279],[-84.44111,30.8361674]]]},"properties":{"track_name":"Pro Supercross Track","day_of_week":"Saturday","date":"2026-08-29","status":"","open_time":"","close_time":"","session":"Afternoon","notes":"","active":"No","display_name":"Pro\nSupercross\nTrack"}},{"type":"Feature","geometry":{"type":"Polygon","coordinates":[[[-84.44111,30.8361674],[-84.441133,30.8360654],[-84.4412321,30.8354943],[-84.440814,30.8354136],[-84.4403742,30.8355287],[-84.4403329,30.836279],[-84.44111,30.8361674]]]},"properties":{"track_name":"Pro Supercross Track","day_of_week":"Saturday","date":"2026-08-29","status":"","open_time":"","close_time":"","session":"Evening","notes":"","active":"No","display_name":"Pro\nSupercross\nTrack"}},{"type":"Feature","geometry":{"type":"Polygon","coordinates":[[[-84.4397819,30.8410012],[-84.4392803,30.8412015],[-84.4390587,30.8412315],[-84.4385804,30.8406707],[-84.4380555,30.8401399],[-84.4376939,30.8396692],[-84.4374723,30.8392485],[-84.4376589,30.838918],[-84.4377522,30.8386476],[-84.4380438,30.8383571],[-84.4382188,30.8381869],[-84.4388254,30.8383872],[-84.4393736,30.8385374],[-84.4399102,30.8387277],[-84.4405051,30.8394388],[-84.4400968,30.8396992],[-84.4402018,30.8399195],[-84.4406567,30.8404503],[-84.4402485,30.8407208],[-84.4397819,30.8410012]]]},"properties":{"track_name":"National Motocross Track","day_of_week":"Saturday","date":"2026-08-29","status":"","open_time":"","close_time":"","session":"Morning","notes":"","active":"No","display_name":"National\nMotocross\nTrack"}},{"type":"Feature","geometry":{"type":"Polygon","coordinates":[[[-84.4397819,30.8410012],[-84.4392803,30.8412015],[-84.4390587,30.8412315],[-84.4385804,30.8406707],[-84.4380555,30.8401399],[-84.4376939,30.8396692],[-84.4374723,30.8392485],[-84.4376589,30.838918],[-84.4377522,30.8386476],[-84.4380438,30.8383571],[-84.4382188,30.8381869],[-84.4388254,30.8383872],[-84.4393736,30.8385374],[-84.4399102,30.8387277],[-84.4405051,30.8394388],[-84.4400968,30.8396992],[-84.4402018,30.8399195],[-84.4406567,30.8404503],[-84.4402485,30.8407208],[-84.4397819,30.8410012]]]},"properties":{"track_name":"National Motocross Track","day_of_week":"Saturday","date":"2026-08-29","status":"","open_time":"","close_time":"","session":"Afternoon","notes":"","active":"No","display_name":"National\nMotocross\nTrack"}},{"type":"Feature","geometry":{"type":"Polygon","coordinates":[[[-84.4397819,30.8410012],[-84.4392803,30.8412015],[-84.4390587,30.8412315],[-84.4385804,30.8406707],[-84.4380555,30.8401399],[-84.4376939,30.8396692],[-84.4374723,30.8392485],[-84.4376589,30.838918],[-84.4377522,30.8386476],[-84.4380438,30.8383571],[-84.4382188,30.8381869],[-84.4388254,30.8383872],[-84.4393736,30.8385374],[-84.4399102,30.8387277],[-84.4405051,30.8394388],[-84.4400968,30.8396992],[-84.4402018,30.8399195],[-84.4406567,30.8404503],[-84.4402485,30.8407208],[-84.4397819,30.8410012]]]},"properties":{"track_name":"National Motocross Track","day_of_week":"Saturday","date":"2026-08-29","status":"","open_time":"","close_time":"","session":"Evening","notes":"","active":"No","display_name":"National\nMotocross\nTrack"}},{"type":"Feature","geometry":{"type":"Polygon","coordinates":[[[-84.4372275,30.8370251],[-84.4373522,30.8364628],[-84.4373366,30.835887],[-84.4374146,30.8355522],[-84.4375862,30.8349229],[-84.4379136,30.8348518],[-84.4382879,30.8350125],[-84.438553,30.8353339],[-84.4385374,30.8358025],[-84.4383191,30.8367975],[-84.4379448,30.8371189],[-84.4372275,30.8370251]]]},"properties":{"track_name":"Sand Track","day_of_week":"Saturday","date":"2026-08-29","status":"","open_time":"","close_time":"","session":"Morning","notes":"","active":"No","display_name":"Sand\nTrack"}},{"type":"Feature","geometry":{"type":"Polygon","coordinates":[[[-84.4372275,30.8370251],[-84.4373522,30.8364628],[-84.4373366,30.835887],[-84.4374146,30.8355522],[-84.4375862,30.8349229],[-84.4379136,30.8348518],[-84.4382879,30.8350125],[-84.438553,30.8353339],[-84.4385374,30.8358025],[-84.4383191,30.8367975],[-84.4379448,30.8371189],[-84.4372275,30.8370251]]]},"properties":{"track_name":"Sand Track","day_of_week":"Saturday","date":"2026-08-29","status":"","open_time":"","close_time":"","session":"Afternoon","notes":"","active":"No","display_name":"Sand\nTrack"}},{"type":"Feature","geometry":{"type":"Polygon","coordinates":[[[-84.4372275,30.8370251],[-84.4373522,30.8364628],[-84.4373366,30.835887],[-84.4374146,30.8355522],[-84.4375862,30.8349229],[-84.4379136,30.8348518],[-84.4382879,30.8350125],[-84.438553,30.8353339],[-84.4385374,30.8358025],[-84.4383191,30.8367975],[-84.4379448,30.8371189],[-84.4372275,30.8370251]]]},"properties":{"track_name":"Sand Track","day_of_week":"Saturday","date":"2026-08-29","status":"","open_time":"","close_time":"","session":"Evening","notes":"","active":"No","display_name":"Sand\nTrack"}},{"type":"Feature","geometry":{"type":"Polygon","coordinates":[[[-84.4397382,30.8355347],[-84.4401749,30.8355213],[-84.4402749,30.8364069],[-84.4397538,30.8363515],[-84.4397382,30.8355347]]]},"properties":{"track_name":"Drills Track","day_of_week":"Saturday","date":"2026-08-29","status":"","open_time":"","close_time":"","session":"Morning","notes":"","active":"No","display_name":"Drills\nTrack"}},{"type":"Feature","geometry":{"type":"Polygon","coordinates":[[[-84.4397382,30.8355347],[-84.4401749,30.8355213],[-84.4402749,30.8364069],[-84.4397538,30.8363515],[-84.4397382,30.8355347]]]},"properties":{"track_name":"Drills Track","day_of_week":"Saturday","date":"2026-08-29","status":"","open_time":"","close_time":"","session":"Afternoon","notes":"","active":"No","display_name":"Drills\nTrack"}},{"type":"Feature","geometry":{"type":"Polygon","coordinates":[[[-84.4397382,30.8355347],[-84.4401749,30.8355213],[-84.4402749,30.8364069],[-84.4397538,30.8363515],[-84.4397382,30.8355347]]]},"properties":{"track_name":"Drills Track","day_of_week":"Saturday","date":"2026-08-29","status":"","open_time":"","close_time":"","session":"Evening","notes":"","active":"No","display_name":"Drills\nTrack"}},{"type":"Feature","geometry":{"type":"Polygon","coordinates":[[[-84.4369523,30.8387197],[-84.4365408,30.8382057],[-84.4365408,30.8374206],[-84.4375695,30.8373814],[-84.4378666,30.8381701],[-84.4374094,30.8385823],[-84.4369523,30.8387197]]]},"properties":{"track_name":"Lower Turn Track","day_of_week":"Saturday","date":"2026-08-29","status":"","open_time":"","close_time":"","session":"Morning","notes":"","active":"No","display_name":"Lower\nTurn\nTrack"}},{"type":"Feature","geometry":{"type":"Polygon","coordinates":[[[-84.4369523,30.8387197],[-84.4365408,30.8382057],[-84.4365408,30.8374206],[-84.4375695,30.8373814],[-84.4378666,30.8381701],[-84.4374094,30.8385823],[-84.4369523,30.8387197]]]},"properties":{"track_name":"Lower Turn Track","day_of_week":"Saturday","date":"2026-08-29","status":"","open_time":"","close_time":"","session":"Afternoon","notes":"","active":"No","display_name":"Lower\nTurn\nTrack"}},{"type":"Feature","geometry":{"type":"Polygon","coordinates":[[[-84.4369523,30.8387197],[-84.4365408,30.8382057],[-84.4365408,30.8374206],[-84.4375695,30.8373814],[-84.4378666,30.8381701],[-84.4374094,30.8385823],[-84.4369523,30.8387197]]]},"properties":{"track_name":"Lower Turn Track","day_of_week":"Saturday","date":"2026-08-29","status":"","open_time":"","close_time":"","session":"Evening","notes":"","active":"No","display_name":"Lower\nTurn\nTrack"}},{"type":"Feature","geometry":{"type":"Polygon","coordinates":[[[-84.440356,30.8351075],[-84.4405692,30.8350836],[-84.4405878,30.8352189],[-84.4403839,30.8352587],[-84.440356,30.8351075]]]},"properties":{"track_name":"Gym","day_of_week":"Saturday","date":"2026-08-29","status":"","open_time":"","close_time":"","session":"Morning","notes":"","active":"No","display_name":"Gym"}},{"type":"Feature","geometry":{"type":"Polygon","coordinates":[[[-84.440356,30.8351075],[-84.4405692,30.8350836],[-84.4405878,30.8352189],[-84.4403839,30.8352587],[-84.440356,30.8351075]]]},"properties":{"track_name":"Gym","day_of_week":"Saturday","date":"2026-08-29","status":"","open_time":"","close_time":"","session":"Afternoon","notes":"","active":"No","display_name":"Gym"}},{"type":"Feature","geometry":{"type":"Polygon","coordinates":[[[-84.440356,30.8351075],[-84.4405692,30.8350836],[-84.4405878,30.8352189],[-84.4403839,30.8352587],[-84.440356,30.8351075]]]},"properties":{"track_name":"Gym","day_of_week":"Saturday","date":"2026-08-29","status":"","open_time":"","close_time":"","session":"Evening","notes":"","active":"No","display_name":"Gym"}},{"type":"Feature","geometry":{"type":"Polygon","coordinates":[[[-84.4409453,30.8384578],[-84.4404301,30.838219],[-84.4403668,30.8373717],[-84.4412469,30.8373488],[-84.4412904,30.8384081],[-84.4409453,30.8384578]]]},"properties":{"track_name":"Night Track / Vet Track","day_of_week":"Sunday","date":"2026-08-30","status":"","open_time":"","close_time":"","session":"Morning","notes":"","active":"No","display_name":"Night\nTrack\nVet\nTrack"}},{"type":"Feature","geometry":{"type":"Polygon","coordinates":[[[-84.4409453,30.8384578],[-84.4404301,30.838219],[-84.4403668,30.8373717],[-84.4412469,30.8373488],[-84.4412904,30.8384081],[-84.4409453,30.8384578]]]},"properties":{"track_name":"Night Track / Vet Track","day_of_week":"Sunday","date":"2026-08-30","status":"","open_time":"","close_time":"","session":"Afternoon","notes":"","active":"No","display_name":"Night\nTrack\nVet\nTrack"}},{"type":"Feature","geometry":{"type":"Polygon","coordinates":[[[-84.4409453,30.8384578],[-84.4404301,30.838219],[-84.4403668,30.8373717],[-84.4412469,30.8373488],[-84.4412904,30.8384081],[-84.4409453,30.8384578]]]},"properties":{"track_name":"Night Track / Vet Track","day_of_week":"Sunday","date":"2026-08-30","status":"","open_time":"","close_time":"","session":"Evening","notes":"","active":"No","display_name":"Night\nTrack\nVet\nTrack"}},{"type":"Feature","geometry":{"type":"Polygon","coordinates":[[[-84.4402749,30.8364069],[-84.4412349,30.8364187],[-84.4412469,30.8373488],[-84.44021685,30.83733603],[-84.44004073,30.83647645],[-84.4402749,30.8364069]]]},"properties":{"track_name":"Amateur Supercross Track","day_of_week":"Sunday","date":"2026-08-30","status":"","open_time":"","close_time":"","session":"Morning","notes":"","active":"No","display_name":"Amateur\nSupercross\nTrack"}},{"type":"Feature","geometry":{"type":"Polygon","coordinates":[[[-84.4402749,30.8364069],[-84.4412349,30.8364187],[-84.4412469,30.8373488],[-84.44021685,30.83733603],[-84.44004073,30.83647645],[-84.4402749,30.8364069]]]},"properties":{"track_name":"Amateur Supercross Track","day_of_week":"Sunday","date":"2026-08-30","status":"","open_time":"","close_time":"","session":"Afternoon","notes":"","active":"No","display_name":"Amateur\nSupercross\nTrack"}},{"type":"Feature","geometry":{"type":"Polygon","coordinates":[[[-84.4402749,30.8364069],[-84.4412349,30.8364187],[-84.4412469,30.8373488],[-84.44021685,30.83733603],[-84.44004073,30.83647645],[-84.4402749,30.8364069]]]},"properties":{"track_name":"Amateur Supercross Track","day_of_week":"Sunday","date":"2026-08-30","status":"","open_time":"","close_time":"","session":"Evening","notes":"","active":"No","display_name":"Amateur\nSupercross\nTrack"}},{"type":"Feature","geometry":{"type":"Polygon","coordinates":[[[-84.44111,30.8361674],[-84.441133,30.8360654],[-84.4412321,30.8354943],[-84.440814,30.8354136],[-84.4403742,30.8355287],[-84.4403329,30.836279],[-84.44111,30.8361674]]]},"properties":{"track_name":"Pro Supercross Track","day_of_week":"Sunday","date":"2026-08-30","status":"","open_time":"","close_time":"","session":"Morning","notes":"","active":"No","display_name":"Pro\nSupercross\nTrack"}},{"type":"Feature","geometry":{"type":"Polygon","coordinates":[[[-84.44111,30.8361674],[-84.441133,30.8360654],[-84.4412321,30.8354943],[-84.440814,30.8354136],[-84.4403742,30.8355287],[-84.4403329,30.836279],[-84.44111,30.8361674]]]},"properties":{"track_name":"Pro Supercross Track","day_of_week":"Sunday","date":"2026-08-30","status":"","open_time":"","close_time":"","session":"Afternoon","notes":"","active":"No","display_name":"Pro\nSupercross\nTrack"}},{"type":"Feature","geometry":{"type":"Polygon","coordinates":[[[-84.44111,30.8361674],[-84.441133,30.8360654],[-84.4412321,30.8354943],[-84.440814,30.8354136],[-84.4403742,30.8355287],[-84.4403329,30.836279],[-84.44111,30.8361674]]]},"properties":{"track_name":"Pro Supercross Track","day_of_week":"Sunday","date":"2026-08-30","status":"","open_time":"","close_time":"","session":"Evening","notes":"","active":"No","display_name":"Pro\nSupercross\nTrack"}},{"type":"Feature","geometry":{"type":"Polygon","coordinates":[[[-84.4397819,30.8410012],[-84.4392803,30.8412015],[-84.4390587,30.8412315],[-84.4385804,30.8406707],[-84.4380555,30.8401399],[-84.4376939,30.8396692],[-84.4374723,30.8392485],[-84.4376589,30.838918],[-84.4377522,30.8386476],[-84.4380438,30.8383571],[-84.4382188,30.8381869],[-84.4388254,30.8383872],[-84.4393736,30.8385374],[-84.4399102,30.8387277],[-84.4405051,30.8394388],[-84.4400968,30.8396992],[-84.4402018,30.8399195],[-84.4406567,30.8404503],[-84.4402485,30.8407208],[-84.4397819,30.8410012]]]},"properties":{"track_name":"National Motocross Track","day_of_week":"Sunday","date":"2026-08-30","status":"","open_time":"","close_time":"","session":"Morning","notes":"","active":"No","display_name":"National\nMotocross\nTrack"}},{"type":"Feature","geometry":{"type":"Polygon","coordinates":[[[-84.4397819,30.8410012],[-84.4392803,30.8412015],[-84.4390587,30.8412315],[-84.4385804,30.8406707],[-84.4380555,30.8401399],[-84.4376939,30.8396692],[-84.4374723,30.8392485],[-84.4376589,30.838918],[-84.4377522,30.8386476],[-84.4380438,30.8383571],[-84.4382188,30.8381869],[-84.4388254,30.8383872],[-84.4393736,30.8385374],[-84.4399102,30.8387277],[-84.4405051,30.8394388],[-84.4400968,30.8396992],[-84.4402018,30.8399195],[-84.4406567,30.8404503],[-84.4402485,30.8407208],[-84.4397819,30.8410012]]]},"properties":{"track_name":"National Motocross Track","day_of_week":"Sunday","date":"2026-08-30","status":"","open_time":"","close_time":"","session":"Afternoon","notes":"","active":"No","display_name":"National\nMotocross\nTrack"}},{"type":"Feature","geometry":{"type":"Polygon","coordinates":[[[-84.4397819,30.8410012],[-84.4392803,30.8412015],[-84.4390587,30.8412315],[-84.4385804,30.8406707],[-84.4380555,30.8401399],[-84.4376939,30.8396692],[-84.4374723,30.8392485],[-84.4376589,30.838918],[-84.4377522,30.8386476],[-84.4380438,30.8383571],[-84.4382188,30.8381869],[-84.4388254,30.8383872],[-84.4393736,30.8385374],[-84.4399102,30.8387277],[-84.4405051,30.8394388],[-84.4400968,30.8396992],[-84.4402018,30.8399195],[-84.4406567,30.8404503],[-84.4402485,30.8407208],[-84.4397819,30.8410012]]]},"properties":{"track_name":"National Motocross Track","day_of_week":"Sunday","date":"2026-08-30","status":"","open_time":"","close_time":"","session":"Evening","notes":"","active":"No","display_name":"National\nMotocross\nTrack"}},{"type":"Feature","geometry":{"type":"Polygon","coordinates":[[[-84.4372275,30.8370251],[-84.4373522,30.8364628],[-84.4373366,30.835887],[-84.4374146,30.8355522],[-84.4375862,30.8349229],[-84.4379136,30.8348518],[-84.4382879,30.8350125],[-84.438553,30.8353339],[-84.4385374,30.8358025],[-84.4383191,30.8367975],[-84.4379448,30.8371189],[-84.4372275,30.8370251]]]},"properties":{"track_name":"Sand Track","day_of_week":"Sunday","date":"2026-08-30","status":"","open_time":"","close_time":"","session":"Morning","notes":"","active":"No","display_name":"Sand\nTrack"}},{"type":"Feature","geometry":{"type":"Polygon","coordinates":[[[-84.4372275,30.8370251],[-84.4373522,30.8364628],[-84.4373366,30.835887],[-84.4374146,30.8355522],[-84.4375862,30.8349229],[-84.4379136,30.8348518],[-84.4382879,30.8350125],[-84.438553,30.8353339],[-84.4385374,30.8358025],[-84.4383191,30.8367975],[-84.4379448,30.8371189],[-84.4372275,30.8370251]]]},"properties":{"track_name":"Sand Track","day_of_week":"Sunday","date":"2026-08-30","status":"","open_time":"","close_time":"","session":"Afternoon","notes":"","active":"No","display_name":"Sand\nTrack"}},{"type":"Feature","geometry":{"type":"Polygon","coordinates":[[[-84.4372275,30.8370251],[-84.4373522,30.8364628],[-84.4373366,30.835887],[-84.4374146,30.8355522],[-84.4375862,30.8349229],[-84.4379136,30.8348518],[-84.4382879,30.8350125],[-84.438553,30.8353339],[-84.4385374,30.8358025],[-84.4383191,30.8367975],[-84.4379448,30.8371189],[-84.4372275,30.8370251]]]},"properties":{"track_name":"Sand Track","day_of_week":"Sunday","date":"2026-08-30","status":"","open_time":"","close_time":"","session":"Evening","notes":"","active":"No","display_name":"Sand\nTrack"}},{"type":"Feature","geometry":{"type":"Polygon","coordinates":[[[-84.4397382,30.8355347],[-84.4401749,30.8355213],[-84.4402749,30.8364069],[-84.4397538,30.8363515],[-84.4397382,30.8355347]]]},"properties":{"track_name":"Drills Track","day_of_week":"Sunday","date":"2026-08-30","status":"","open_time":"","close_time":"","session":"Morning","notes":"","active":"No","display_name":"Drills\nTrack"}},{"type":"Feature","geometry":{"type":"Polygon","coordinates":[[[-84.4397382,30.8355347],[-84.4401749,30.8355213],[-84.4402749,30.8364069],[-84.4397538,30.8363515],[-84.4397382,30.8355347]]]},"properties":{"track_name":"Drills Track","day_of_week":"Sunday","date":"2026-08-30","status":"","open_time":"","close_time":"","session":"Afternoon","notes":"","active":"No","display_name":"Drills\nTrack"}},{"type":"Feature","geometry":{"type":"Polygon","coordinates":[[[-84.4397382,30.8355347],[-84.4401749,30.8355213],[-84.4402749,30.8364069],[-84.4397538,30.8363515],[-84.4397382,30.8355347]]]},"properties":{"track_name":"Drills Track","day_of_week":"Sunday","date":"2026-08-30","status":"","open_time":"","close_time":"","session":"Evening","notes":"","active":"No","display_name":"Drills\nTrack"}},{"type":"Feature","geometry":{"type":"Polygon","coordinates":[[[-84.4369523,30.8387197],[-84.4365408,30.8382057],[-84.4365408,30.8374206],[-84.4375695,30.8373814],[-84.4378666,30.8381701],[-84.4374094,30.8385823],[-84.4369523,30.8387197]]]},"properties":{"track_name":"Lower Turn Track","day_of_week":"Sunday","date":"2026-08-30","status":"","open_time":"","close_time":"","session":"Morning","notes":"","active":"No","display_name":"Lower\nTurn\nTrack"}},{"type":"Feature","geometry":{"type":"Polygon","coordinates":[[[-84.4369523,30.8387197],[-84.4365408,30.8382057],[-84.4365408,30.8374206],[-84.4375695,30.8373814],[-84.4378666,30.8381701],[-84.4374094,30.8385823],[-84.4369523,30.8387197]]]},"properties":{"track_name":"Lower Turn Track","day_of_week":"Sunday","date":"2026-08-30","status":"","open_time":"","close_time":"","session":"Afternoon","notes":"","active":"No","display_name":"Lower\nTurn\nTrack"}},{"type":"Feature","geometry":{"type":"Polygon","coordinates":[[[-84.4369523,30.8387197],[-84.4365408,30.8382057],[-84.4365408,30.8374206],[-84.4375695,30.8373814],[-84.4378666,30.8381701],[-84.4374094,30.8385823],[-84.4369523,30.8387197]]]},"properties":{"track_name":"Lower Turn Track","day_of_week":"Sunday","date":"2026-08-30","status":"","open_time":"","close_time":"","session":"Evening","notes":"","active":"No","display_name":"Lower\nTurn\nTrack"}},{"type":"Feature","geometry":{"type":"Polygon","coordinates":[[[-84.440356,30.8351075],[-84.4405692,30.8350836],[-84.4405878,30.8352189],[-84.4403839,30.8352587],[-84.440356,30.8351075]]]},"properties":{"track_name":"Gym","day_of_week":"Sunday","date":"2026-08-30","status":"","open_time":"","close_time":"","session":"Morning","notes":"","active":"No","display_name":"Gym"}},{"type":"Feature","geometry":{"type":"Polygon","coordinates":[[[-84.440356,30.8351075],[-84.4405692,30.8350836],[-84.4405878,30.8352189],[-84.4403839,30.8352587],[-84.440356,30.8351075]]]},"properties":{"track_name":"Gym","day_of_week":"Sunday","date":"2026-08-30","status":"","open_time":"","close_time":"","session":"Afternoon","notes":"","active":"No","display_name":"Gym"}},{"type":"Feature","geometry":{"type":"Polygon","coordinates":[[[-84.440356,30.8351075],[-84.4405692,30.8350836],[-84.4405878,30.8352189],[-84.4403839,30.8352587],[-84.440356,30.8351075]]]},"properties":{"track_name":"Gym","day_of_week":"Sunday","date":"2026-08-30","status":"","open_time":"","close_time":"","session":"Evening","notes":"","active":"No","display_name":"Gym"}},{"type":"Feature","geometry":{"type":"Polygon","coordinates":[[[-84.4409453,30.8384578],[-84.4404301,30.838219],[-84.4403668,30.8373717],[-84.4412469,30.8373488],[-84.4412904,30.8384081],[-84.4409453,30.8384578]]]},"properties":{"track_name":"Night Track / Vet Track","day_of_week":"Monday","date":"2026-08-31","status":"","open_time":"","close_time":"","session":"Morning","notes":"","active":"No","display_name":"Night\nTrack\nVet\nTrack"}},{"type":"Feature","geometry":{"type":"Polygon","coordinates":[[[-84.4409453,30.8384578],[-84.4404301,30.838219],[-84.4403668,30.8373717],[-84.4412469,30.8373488],[-84.4412904,30.8384081],[-84.4409453,30.8384578]]]},"properties":{"track_name":"Night Track / Vet Track","day_of_week":"Monday","date":"2026-08-31","status":"","open_time":"","close_time":"","session":"Afternoon","notes":"","active":"No","display_name":"Night\nTrack\nVet\nTrack"}},{"type":"Feature","geometry":{"type":"Polygon","coordinates":[[[-84.4409453,30.8384578],[-84.4404301,30.838219],[-84.4403668,30.8373717],[-84.4412469,30.8373488],[-84.4412904,30.8384081],[-84.4409453,30.8384578]]]},"properties":{"track_name":"Night Track / Vet Track","day_of_week":"Monday","date":"2026-08-31","status":"","open_time":"","close_time":"","session":"Evening","notes":"","active":"No","display_name":"Night\nTrack\nVet\nTrack"}},{"type":"Feature","geometry":{"type":"Polygon","coordinates":[[[-84.4402749,30.8364069],[-84.4412349,30.8364187],[-84.4412469,30.8373488],[-84.44021685,30.83733603],[-84.44004073,30.83647645],[-84.4402749,30.8364069]]]},"properties":{"track_name":"Amateur Supercross Track","day_of_week":"Monday","date":"2026-08-31","status":"","open_time":"","close_time":"","session":"Morning","notes":"","active":"No","display_name":"Amateur\nSupercross\nTrack"}},{"type":"Feature","geometry":{"type":"Polygon","coordinates":[[[-84.4402749,30.8364069],[-84.4412349,30.8364187],[-84.4412469,30.8373488],[-84.44021685,30.83733603],[-84.44004073,30.83647645],[-84.4402749,30.8364069]]]},"properties":{"track_name":"Amateur Supercross Track","day_of_week":"Monday","date":"2026-08-31","status":"","open_time":"","close_time":"","session":"Afternoon","notes":"","active":"No","display_name":"Amateur\nSupercross\nTrack"}},{"type":"Feature","geometry":{"type":"Polygon","coordinates":[[[-84.4402749,30.8364069],[-84.4412349,30.8364187],[-84.4412469,30.8373488],[-84.44021685,30.83733603],[-84.44004073,30.83647645],[-84.4402749,30.8364069]]]},"properties":{"track_name":"Amateur Supercross Track","day_of_week":"Monday","date":"2026-08-31","status":"","open_time":"","close_time":"","session":"Evening","notes":"","active":"No","display_name":"Amateur\nSupercross\nTrack"}},{"type":"Feature","geometry":{"type":"Polygon","coordinates":[[[-84.44111,30.8361674],[-84.441133,30.8360654],[-84.4412321,30.8354943],[-84.440814,30.8354136],[-84.4403742,30.8355287],[-84.4403329,30.836279],[-84.44111,30.8361674]]]},"properties":{"track_name":"Pro Supercross Track","day_of_week":"Monday","date":"2026-08-31","status":"","open_time":"","close_time":"","session":"Morning","notes":"","active":"No","display_name":"Pro\nSupercross\nTrack"}},{"type":"Feature","geometry":{"type":"Polygon","coordinates":[[[-84.44111,30.8361674],[-84.441133,30.8360654],[-84.4412321,30.8354943],[-84.440814,30.8354136],[-84.4403742,30.8355287],[-84.4403329,30.836279],[-84.44111,30.8361674]]]},"properties":{"track_name":"Pro Supercross Track","day_of_week":"Monday","date":"2026-08-31","status":"","open_time":"","close_time":"","session":"Afternoon","notes":"","active":"No","display_name":"Pro\nSupercross\nTrack"}},{"type":"Feature","geometry":{"type":"Polygon","coordinates":[[[-84.44111,30.8361674],[-84.441133,30.8360654],[-84.4412321,30.8354943],[-84.440814,30.8354136],[-84.4403742,30.8355287],[-84.4403329,30.836279],[-84.44111,30.8361674]]]},"properties":{"track_name":"Pro Supercross Track","day_of_week":"Monday","date":"2026-08-31","status":"","open_time":"","close_time":"","session":"Evening","notes":"","active":"No","display_name":"Pro\nSupercross\nTrack"}},{"type":"Feature","geometry":{"type":"Polygon","coordinates":[[[-84.4397819,30.8410012],[-84.4392803,30.8412015],[-84.4390587,30.8412315],[-84.4385804,30.8406707],[-84.4380555,30.8401399],[-84.4376939,30.8396692],[-84.4374723,30.8392485],[-84.4376589,30.838918],[-84.4377522,30.8386476],[-84.4380438,30.8383571],[-84.4382188,30.8381869],[-84.4388254,30.8383872],[-84.4393736,30.8385374],[-84.4399102,30.8387277],[-84.4405051,30.8394388],[-84.4400968,30.8396992],[-84.4402018,30.8399195],[-84.4406567,30.8404503],[-84.4402485,30.8407208],[-84.4397819,30.8410012]]]},"properties":{"track_name":"National Motocross Track","day_of_week":"Monday","date":"2026-08-31","status":"","open_time":"","close_time":"","session":"Morning","notes":"","active":"No","display_name":"National\nMotocross\nTrack"}},{"type":"Feature","geometry":{"type":"Polygon","coordinates":[[[-84.4397819,30.8410012],[-84.4392803,30.8412015],[-84.4390587,30.8412315],[-84.4385804,30.8406707],[-84.4380555,30.8401399],[-84.4376939,30.8396692],[-84.4374723,30.8392485],[-84.4376589,30.838918],[-84.4377522,30.8386476],[-84.4380438,30.8383571],[-84.4382188,30.8381869],[-84.4388254,30.8383872],[-84.4393736,30.8385374],[-84.4399102,30.8387277],[-84.4405051,30.8394388],[-84.4400968,30.8396992],[-84.4402018,30.8399195],[-84.4406567,30.8404503],[-84.4402485,30.8407208],[-84.4397819,30.8410012]]]},"properties":{"track_name":"National Motocross Track","day_of_week":"Monday","date":"2026-08-31","status":"","open_time":"","close_time":"","session":"Afternoon","notes":"","active":"No","display_name":"National\nMotocross\nTrack"}},{"type":"Feature","geometry":{"type":"Polygon","coordinates":[[[-84.4397819,30.8410012],[-84.4392803,30.8412015],[-84.4390587,30.8412315],[-84.4385804,30.8406707],[-84.4380555,30.8401399],[-84.4376939,30.8396692],[-84.4374723,30.8392485],[-84.4376589,30.838918],[-84.4377522,30.8386476],[-84.4380438,30.8383571],[-84.4382188,30.8381869],[-84.4388254,30.8383872],[-84.4393736,30.8385374],[-84.4399102,30.8387277],[-84.4405051,30.8394388],[-84.4400968,30.8396992],[-84.4402018,30.8399195],[-84.4406567,30.8404503],[-84.4402485,30.8407208],[-84.4397819,30.8410012]]]},"properties":{"track_name":"National Motocross Track","day_of_week":"Monday","date":"2026-08-31","status":"","open_time":"","close_time":"","session":"Evening","notes":"","active":"No","display_name":"National\nMotocross\nTrack"}},{"type":"Feature","geometry":{"type":"Polygon","coordinates":[[[-84.4372275,30.8370251],[-84.4373522,30.8364628],[-84.4373366,30.835887],[-84.4374146,30.8355522],[-84.4375862,30.8349229],[-84.4379136,30.8348518],[-84.4382879,30.8350125],[-84.438553,30.8353339],[-84.4385374,30.8358025],[-84.4383191,30.8367975],[-84.4379448,30.8371189],[-84.4372275,30.8370251]]]},"properties":{"track_name":"Sand Track","day_of_week":"Monday","date":"2026-08-31","status":"","open_time":"","close_time":"","session":"Morning","notes":"","active":"No","display_name":"Sand\nTrack"}},{"type":"Feature","geometry":{"type":"Polygon","coordinates":[[[-84.4372275,30.8370251],[-84.4373522,30.8364628],[-84.4373366,30.835887],[-84.4374146,30.8355522],[-84.4375862,30.8349229],[-84.4379136,30.8348518],[-84.4382879,30.8350125],[-84.438553,30.8353339],[-84.4385374,30.8358025],[-84.4383191,30.8367975],[-84.4379448,30.8371189],[-84.4372275,30.8370251]]]},"properties":{"track_name":"Sand Track","day_of_week":"Monday","date":"2026-08-31","status":"","open_time":"","close_time":"","session":"Afternoon","notes":"","active":"No","display_name":"Sand\nTrack"}},{"type":"Feature","geometry":{"type":"Polygon","coordinates":[[[-84.4372275,30.8370251],[-84.4373522,30.8364628],[-84.4373366,30.835887],[-84.4374146,30.8355522],[-84.4375862,30.8349229],[-84.4379136,30.8348518],[-84.4382879,30.8350125],[-84.438553,30.8353339],[-84.4385374,30.8358025],[-84.4383191,30.8367975],[-84.4379448,30.8371189],[-84.4372275,30.8370251]]]},"properties":{"track_name":"Sand Track","day_of_week":"Monday","date":"2026-08-31","status":"","open_time":"","close_time":"","session":"Evening","notes":"","active":"No","display_name":"Sand\nTrack"}},{"type":"Feature","geometry":{"type":"Polygon","coordinates":[[[-84.4397382,30.8355347],[-84.4401749,30.8355213],[-84.4402749,30.8364069],[-84.4397538,30.8363515],[-84.4397382,30.8355347]]]},"properties":{"track_name":"Drills Track","day_of_week":"Monday","date":"2026-08-31","status":"","open_time":"","close_time":"","session":"Morning","notes":"","active":"No","display_name":"Drills\nTrack"}},{"type":"Feature","geometry":{"type":"Polygon","coordinates":[[[-84.4397382,30.8355347],[-84.4401749,30.8355213],[-84.4402749,30.8364069],[-84.4397538,30.8363515],[-84.4397382,30.8355347]]]},"properties":{"track_name":"Drills Track","day_of_week":"Monday","date":"2026-08-31","status":"","open_time":"","close_time":"","session":"Afternoon","notes":"","active":"No","display_name":"Drills\nTrack"}},{"type":"Feature","geometry":{"type":"Polygon","coordinates":[[[-84.4397382,30.8355347],[-84.4401749,30.8355213],[-84.4402749,30.8364069],[-84.4397538,30.8363515],[-84.4397382,30.8355347]]]},"properties":{"track_name":"Drills Track","day_of_week":"Monday","date":"2026-08-31","status":"","open_time":"","close_time":"","session":"Evening","notes":"","active":"No","display_name":"Drills\nTrack"}},{"type":"Feature","geometry":{"type":"Polygon","coordinates":[[[-84.4369523,30.8387197],[-84.4365408,30.8382057],[-84.4365408,30.8374206],[-84.4375695,30.8373814],[-84.4378666,30.8381701],[-84.4374094,30.8385823],[-84.4369523,30.8387197]]]},"properties":{"track_name":"Lower Turn Track","day_of_week":"Monday","date":"2026-08-31","status":"","open_time":"","close_time":"","session":"Morning","notes":"","active":"No","display_name":"Lower\nTurn\nTrack"}},{"type":"Feature","geometry":{"type":"Polygon","coordinates":[[[-84.4369523,30.8387197],[-84.4365408,30.8382057],[-84.4365408,30.8374206],[-84.4375695,30.8373814],[-84.4378666,30.8381701],[-84.4374094,30.8385823],[-84.4369523,30.8387197]]]},"properties":{"track_name":"Lower Turn Track","day_of_week":"Monday","date":"2026-08-31","status":"","open_time":"","close_time":"","session":"Afternoon","notes":"","active":"No","display_name":"Lower\nTurn\nTrack"}},{"type":"Feature","geometry":{"type":"Polygon","coordinates":[[[-84.4369523,30.8387197],[-84.4365408,30.8382057],[-84.4365408,30.8374206],[-84.4375695,30.8373814],[-84.4378666,30.8381701],[-84.4374094,30.8385823],[-84.4369523,30.8387197]]]},"properties":{"track_name":"Lower Turn Track","day_of_week":"Monday","date":"2026-08-31","status":"","open_time":"","close_time":"","session":"Evening","notes":"","active":"No","display_name":"Lower\nTurn\nTrack"}},{"type":"Feature","geometry":{"type":"Polygon","coordinates":[[[-84.440356,30.8351075],[-84.4405692,30.8350836],[-84.4405878,30.8352189],[-84.4403839,30.8352587],[-84.440356,30.8351075]]]},"properties":{"track_name":"Gym","day_of_week":"Monday","date":"2026-08-31","status":"","open_time":"","close_time":"","session":"Morning","notes":"","active":"No","display_name":"Gym"}},{"type":"Feature","geometry":{"type":"Polygon","coordinates":[[[-84.440356,30.8351075],[-84.4405692,30.8350836],[-84.4405878,30.8352189],[-84.4403839,30.8352587],[-84.440356,30.8351075]]]},"properties":{"track_name":"Gym","day_of_week":"Monday","date":"2026-08-31","status":"","open_time":"","close_time":"","session":"Afternoon","notes":"","active":"No","display_name":"Gym"}},{"type":"Feature","geometry":{"type":"Polygon","coordinates":[[[-84.440356,30.8351075],[-84.4405692,30.8350836],[-84.4405878,30.8352189],[-84.4403839,30.8352587],[-84.440356,30.8351075]]]},"properties":{"track_name":"Gym","day_of_week":"Monday","date":"2026-08-31","status":"","open_time":"","close_time":"","session":"Evening","notes":"","active":"No","display_name":"Gym"}},{"type":"Feature","geometry":{"type":"Polygon","coordinates":[[[-84.4409453,30.8384578],[-84.4404301,30.838219],[-84.4403668,30.8373717],[-84.4412469,30.8373488],[-84.4412904,30.8384081],[-84.4409453,30.8384578]]]},"properties":{"track_name":"Night Track / Vet Track","day_of_week":"Tuesday","date":"2026-09-01","status":"","open_time":"","close_time":"","session":"Morning","notes":"","active":"No","display_name":"Night\nTrack\nVet\nTrack"}},{"type":"Feature","geometry":{"type":"Polygon","coordinates":[[[-84.4409453,30.8384578],[-84.4404301,30.838219],[-84.4403668,30.8373717],[-84.4412469,30.8373488],[-84.4412904,30.8384081],[-84.4409453,30.8384578]]]},"properties":{"track_name":"Night Track / Vet Track","day_of_week":"Tuesday","date":"2026-09-01","status":"","open_time":"","close_time":"","session":"Afternoon","notes":"","active":"No","display_name":"Night\nTrack\nVet\nTrack"}},{"type":"Feature","geometry":{"type":"Polygon","coordinates":[[[-84.4409453,30.8384578],[-84.4404301,30.838219],[-84.4403668,30.8373717],[-84.4412469,30.8373488],[-84.4412904,30.8384081],[-84.4409453,30.8384578]]]},"properties":{"track_name":"Night Track / Vet Track","day_of_week":"Tuesday","date":"2026-09-01","status":"","open_time":"","close_time":"","session":"Evening","notes":"","active":"No","display_name":"Night\nTrack\nVet\nTrack"}},{"type":"Feature","geometry":{"type":"Polygon","coordinates":[[[-84.4402749,30.8364069],[-84.4412349,30.8364187],[-84.4412469,30.8373488],[-84.44021685,30.83733603],[-84.44004073,30.83647645],[-84.4402749,30.8364069]]]},"properties":{"track_name":"Amateur Supercross Track","day_of_week":"Tuesday","date":"2026-09-01","status":"","open_time":"","close_time":"","session":"Morning","notes":"","active":"No","display_name":"Amateur\nSupercross\nTrack"}},{"type":"Feature","geometry":{"type":"Polygon","coordinates":[[[-84.4402749,30.8364069],[-84.4412349,30.8364187],[-84.4412469,30.8373488],[-84.44021685,30.83733603],[-84.44004073,30.83647645],[-84.4402749,30.8364069]]]},"properties":{"track_name":"Amateur Supercross Track","day_of_week":"Tuesday","date":"2026-09-01","status":"","open_time":"","close_time":"","session":"Afternoon","notes":"","active":"No","display_name":"Amateur\nSupercross\nTrack"}},{"type":"Feature","geometry":{"type":"Polygon","coordinates":[[[-84.4402749,30.8364069],[-84.4412349,30.8364187],[-84.4412469,30.8373488],[-84.44021685,30.83733603],[-84.44004073,30.83647645],[-84.4402749,30.8364069]]]},"properties":{"track_name":"Amateur Supercross Track","day_of_week":"Tuesday","date":"2026-09-01","status":"","open_time":"","close_time":"","session":"Evening","notes":"","active":"No","display_name":"Amateur\nSupercross\nTrack"}},{"type":"Feature","geometry":{"type":"Polygon","coordinates":[[[-84.44111,30.8361674],[-84.441133,30.8360654],[-84.4412321,30.8354943],[-84.440814,30.8354136],[-84.4403742,30.8355287],[-84.4403329,30.836279],[-84.44111,30.8361674]]]},"properties":{"track_name":"Pro Supercross Track","day_of_week":"Tuesday","date":"2026-09-01","status":"","open_time":"","close_time":"","session":"Morning","notes":"","active":"No","display_name":"Pro\nSupercross\nTrack"}},{"type":"Feature","geometry":{"type":"Polygon","coordinates":[[[-84.44111,30.8361674],[-84.441133,30.8360654],[-84.4412321,30.8354943],[-84.440814,30.8354136],[-84.4403742,30.8355287],[-84.4403329,30.836279],[-84.44111,30.8361674]]]},"properties":{"track_name":"Pro Supercross Track","day_of_week":"Tuesday","date":"2026-09-01","status":"","open_time":"","close_time":"","session":"Afternoon","notes":"","active":"No","display_name":"Pro\nSupercross\nTrack"}},{"type":"Feature","geometry":{"type":"Polygon","coordinates":[[[-84.44111,30.8361674],[-84.441133,30.8360654],[-84.4412321,30.8354943],[-84.440814,30.8354136],[-84.4403742,30.8355287],[-84.4403329,30.836279],[-84.44111,30.8361674]]]},"properties":{"track_name":"Pro Supercross Track","day_of_week":"Tuesday","date":"2026-09-01","status":"","open_time":"","close_time":"","session":"Evening","notes":"","active":"No","display_name":"Pro\nSupercross\nTrack"}},{"type":"Feature","geometry":{"type":"Polygon","coordinates":[[[-84.4397819,30.8410012],[-84.4392803,30.8412015],[-84.4390587,30.8412315],[-84.4385804,30.8406707],[-84.4380555,30.8401399],[-84.4376939,30.8396692],[-84.4374723,30.8392485],[-84.4376589,30.838918],[-84.4377522,30.8386476],[-84.4380438,30.8383571],[-84.4382188,30.8381869],[-84.4388254,30.8383872],[-84.4393736,30.8385374],[-84.4399102,30.8387277],[-84.4405051,30.8394388],[-84.4400968,30.8396992],[-84.4402018,30.8399195],[-84.4406567,30.8404503],[-84.4402485,30.8407208],[-84.4397819,30.8410012]]]},"properties":{"track_name":"National Motocross Track","day_of_week":"Tuesday","date":"2026-09-01","status":"","open_time":"","close_time":"","session":"Morning","notes":"","active":"No","display_name":"National\nMotocross\nTrack"}},{"type":"Feature","geometry":{"type":"Polygon","coordinates":[[[-84.4397819,30.8410012],[-84.4392803,30.8412015],[-84.4390587,30.8412315],[-84.4385804,30.8406707],[-84.4380555,30.8401399],[-84.4376939,30.8396692],[-84.4374723,30.8392485],[-84.4376589,30.838918],[-84.4377522,30.8386476],[-84.4380438,30.8383571],[-84.4382188,30.8381869],[-84.4388254,30.8383872],[-84.4393736,30.8385374],[-84.4399102,30.8387277],[-84.4405051,30.8394388],[-84.4400968,30.8396992],[-84.4402018,30.8399195],[-84.4406567,30.8404503],[-84.4402485,30.8407208],[-84.4397819,30.8410012]]]},"properties":{"track_name":"National Motocross Track","day_of_week":"Tuesday","date":"2026-09-01","status":"","open_time":"","close_time":"","session":"Afternoon","notes":"","active":"No","display_name":"National\nMotocross\nTrack"}},{"type":"Feature","geometry":{"type":"Polygon","coordinates":[[[-84.4397819,30.8410012],[-84.4392803,30.8412015],[-84.4390587,30.8412315],[-84.4385804,30.8406707],[-84.4380555,30.8401399],[-84.4376939,30.8396692],[-84.4374723,30.8392485],[-84.4376589,30.838918],[-84.4377522,30.8386476],[-84.4380438,30.8383571],[-84.4382188,30.8381869],[-84.4388254,30.8383872],[-84.4393736,30.8385374],[-84.4399102,30.8387277],[-84.4405051,30.8394388],[-84.4400968,30.8396992],[-84.4402018,30.8399195],[-84.4406567,30.8404503],[-84.4402485,30.8407208],[-84.4397819,30.8410012]]]},"properties":{"track_name":"National Motocross Track","day_of_week":"Tuesday","date":"2026-09-01","status":"","open_time":"","close_time":"","session":"Evening","notes":"","active":"No","display_name":"National\nMotocross\nTrack"}},{"type":"Feature","geometry":{"type":"Polygon","coordinates":[[[-84.4372275,30.8370251],[-84.4373522,30.8364628],[-84.4373366,30.835887],[-84.4374146,30.8355522],[-84.4375862,30.8349229],[-84.4379136,30.8348518],[-84.4382879,30.8350125],[-84.438553,30.8353339],[-84.4385374,30.8358025],[-84.4383191,30.8367975],[-84.4379448,30.8371189],[-84.4372275,30.8370251]]]},"properties":{"track_name":"Sand Track","day_of_week":"Tuesday","date":"2026-09-01","status":"","open_time":"","close_time":"","session":"Morning","notes":"","active":"No","display_name":"Sand\nTrack"}},{"type":"Feature","geometry":{"type":"Polygon","coordinates":[[[-84.4372275,30.8370251],[-84.4373522,30.8364628],[-84.4373366,30.835887],[-84.4374146,30.8355522],[-84.4375862,30.8349229],[-84.4379136,30.8348518],[-84.4382879,30.8350125],[-84.438553,30.8353339],[-84.4385374,30.8358025],[-84.4383191,30.8367975],[-84.4379448,30.8371189],[-84.4372275,30.8370251]]]},"properties":{"track_name":"Sand Track","day_of_week":"Tuesday","date":"2026-09-01","status":"","open_time":"","close_time":"","session":"Afternoon","notes":"","active":"No","display_name":"Sand\nTrack"}},{"type":"Feature","geometry":{"type":"Polygon","coordinates":[[[-84.4372275,30.8370251],[-84.4373522,30.8364628],[-84.4373366,30.835887],[-84.4374146,30.8355522],[-84.4375862,30.8349229],[-84.4379136,30.8348518],[-84.4382879,30.8350125],[-84.438553,30.8353339],[-84.4385374,30.8358025],[-84.4383191,30.8367975],[-84.4379448,30.8371189],[-84.4372275,30.8370251]]]},"properties":{"track_name":"Sand Track","day_of_week":"Tuesday","date":"2026-09-01","status":"","open_time":"","close_time":"","session":"Evening","notes":"","active":"No","display_name":"Sand\nTrack"}},{"type":"Feature","geometry":{"type":"Polygon","coordinates":[[[-84.4397382,30.8355347],[-84.4401749,30.8355213],[-84.4402749,30.8364069],[-84.4397538,30.8363515],[-84.4397382,30.8355347]]]},"properties":{"track_name":"Drills Track","day_of_week":"Tuesday","date":"2026-09-01","status":"","open_time":"","close_time":"","session":"Morning","notes":"","active":"No","display_name":"Drills\nTrack"}},{"type":"Feature","geometry":{"type":"Polygon","coordinates":[[[-84.4397382,30.8355347],[-84.4401749,30.8355213],[-84.4402749,30.8364069],[-84.4397538,30.8363515],[-84.4397382,30.8355347]]]},"properties":{"track_name":"Drills Track","day_of_week":"Tuesday","date":"2026-09-01","status":"","open_time":"","close_time":"","session":"Afternoon","notes":"","active":"No","display_name":"Drills\nTrack"}},{"type":"Feature","geometry":{"type":"Polygon","coordinates":[[[-84.4397382,30.8355347],[-84.4401749,30.8355213],[-84.4402749,30.8364069],[-84.4397538,30.8363515],[-84.4397382,30.8355347]]]},"properties":{"track_name":"Drills Track","day_of_week":"Tuesday","date":"2026-09-01","status":"","open_time":"","close_time":"","session":"Evening","notes":"","active":"No","display_name":"Drills\nTrack"}},{"type":"Feature","geometry":{"type":"Polygon","coordinates":[[[-84.4369523,30.8387197],[-84.4365408,30.8382057],[-84.4365408,30.8374206],[-84.4375695,30.8373814],[-84.4378666,30.8381701],[-84.4374094,30.8385823],[-84.4369523,30.8387197]]]},"properties":{"track_name":"Lower Turn Track","day_of_week":"Tuesday","date":"2026-09-01","status":"","open_time":"","close_time":"","session":"Morning","notes":"","active":"No","display_name":"Lower\nTurn\nTrack"}},{"type":"Feature","geometry":{"type":"Polygon","coordinates":[[[-84.4369523,30.8387197],[-84.4365408,30.8382057],[-84.4365408,30.8374206],[-84.4375695,30.8373814],[-84.4378666,30.8381701],[-84.4374094,30.8385823],[-84.4369523,30.8387197]]]},"properties":{"track_name":"Lower Turn Track","day_of_week":"Tuesday","date":"2026-09-01","status":"","open_time":"","close_time":"","session":"Afternoon","notes":"","active":"No","display_name":"Lower\nTurn\nTrack"}},{"type":"Feature","geometry":{"type":"Polygon","coordinates":[[[-84.4369523,30.8387197],[-84.4365408,30.8382057],[-84.4365408,30.8374206],[-84.4375695,30.8373814],[-84.4378666,30.8381701],[-84.4374094,30.8385823],[-84.4369523,30.8387197]]]},"properties":{"track_name":"Lower Turn Track","day_of_week":"Tuesday","date":"2026-09-01","status":"","open_time":"","close_time":"","session":"Evening","notes":"","active":"No","display_name":"Lower\nTurn\nTrack"}},{"type":"Feature","geometry":{"type":"Polygon","coordinates":[[[-84.440356,30.8351075],[-84.4405692,30.8350836],[-84.4405878,30.8352189],[-84.4403839,30.8352587],[-84.440356,30.8351075]]]},"properties":{"track_name":"Gym","day_of_week":"Tuesday","date":"2026-09-01","status":"","open_time":"","close_time":"","session":"Morning","notes":"","active":"No","display_name":"Gym"}},{"type":"Feature","geometry":{"type":"Polygon","coordinates":[[[-84.440356,30.8351075],[-84.4405692,30.8350836],[-84.4405878,30.8352189],[-84.4403839,30.8352587],[-84.440356,30.8351075]]]},"properties":{"track_name":"Gym","day_of_week":"Tuesday","date":"2026-09-01","status":"","open_time":"","close_time":"","session":"Afternoon","notes":"","active":"No","display_name":"Gym"}},{"type":"Feature","geometry":{"type":"Polygon","coordinates":[[[-84.440356,30.8351075],[-84.4405692,30.8350836],[-84.4405878,30.8352189],[-84.4403839,30.8352587],[-84.440356,30.8351075]]]},"properties":{"track_name":"Gym","day_of_week":"Tuesday","date":"2026-09-01","status":"","open_time":"","close_time":"","session":"Evening","notes":"","active":"No","display_name":"Gym"}},{"type":"Feature","geometry":{"type":"Polygon","coordinates":[[[-84.4409453,30.8384578],[-84.4404301,30.838219],[-84.4403668,30.8373717],[-84.4412469,30.8373488],[-84.4412904,30.8384081],[-84.4409453,30.8384578]]]},"properties":{"track_name":"Night Track / Vet Track","day_of_week":"Wednesday","date":"2026-09-02","status":"","open_time":"","close_time":"","session":"Morning","notes":"","active":"No","display_name":"Night\nTrack\nVet\nTrack"}},{"type":"Feature","geometry":{"type":"Polygon","coordinates":[[[-84.4409453,30.8384578],[-84.4404301,30.838219],[-84.4403668,30.8373717],[-84.4412469,30.8373488],[-84.4412904,30.8384081],[-84.4409453,30.8384578]]]},"properties":{"track_name":"Night Track / Vet Track","day_of_week":"Wednesday","date":"2026-09-02","status":"","open_time":"","close_time":"","session":"Afternoon","notes":"","active":"No","display_name":"Night\nTrack\nVet\nTrack"}},{"type":"Feature","geometry":{"type":"Polygon","coordinates":[[[-84.4409453,30.8384578],[-84.4404301,30.838219],[-84.4403668,30.8373717],[-84.4412469,30.8373488],[-84.4412904,30.8384081],[-84.4409453,30.8384578]]]},"properties":{"track_name":"Night Track / Vet Track","day_of_week":"Wednesday","date":"2026-09-02","status":"","open_time":"","close_time":"","session":"Evening","notes":"","active":"No","display_name":"Night\nTrack\nVet\nTrack"}},{"type":"Feature","geometry":{"type":"Polygon","coordinates":[[[-84.4402749,30.8364069],[-84.4412349,30.8364187],[-84.4412469,30.8373488],[-84.44021685,30.83733603],[-84.44004073,30.83647645],[-84.4402749,30.8364069]]]},"properties":{"track_name":"Amateur Supercross Track","day_of_week":"Wednesday","date":"2026-09-02","status":"","open_time":"","close_time":"","session":"Morning","notes":"","active":"No","display_name":"Amateur\nSupercross\nTrack"}},{"type":"Feature","geometry":{"type":"Polygon","coordinates":[[[-84.4402749,30.8364069],[-84.4412349,30.8364187],[-84.4412469,30.8373488],[-84.44021685,30.83733603],[-84.44004073,30.83647645],[-84.4402749,30.8364069]]]},"properties":{"track_name":"Amateur Supercross Track","day_of_week":"Wednesday","date":"2026-09-02","status":"","open_time":"","close_time":"","session":"Afternoon","notes":"","active":"No","display_name":"Amateur\nSupercross\nTrack"}},{"type":"Feature","geometry":{"type":"Polygon","coordinates":[[[-84.4402749,30.8364069],[-84.4412349,30.8364187],[-84.4412469,30.8373488],[-84.44021685,30.83733603],[-84.44004073,30.83647645],[-84.4402749,30.8364069]]]},"properties":{"track_name":"Amateur Supercross Track","day_of_week":"Wednesday","date":"2026-09-02","status":"","open_time":"","close_time":"","session":"Evening","notes":"","active":"No","display_name":"Amateur\nSupercross\nTrack"}},{"type":"Feature","geometry":{"type":"Polygon","coordinates":[[[-84.44111,30.8361674],[-84.441133,30.8360654],[-84.4412321,30.8354943],[-84.440814,30.8354136],[-84.4403742,30.8355287],[-84.4403329,30.836279],[-84.44111,30.8361674]]]},"properties":{"track_name":"Pro Supercross Track","day_of_week":"Wednesday","date":"2026-09-02","status":"","open_time":"","close_time":"","session":"Morning","notes":"","active":"No","display_name":"Pro\nSupercross\nTrack"}},{"type":"Feature","geometry":{"type":"Polygon","coordinates":[[[-84.44111,30.8361674],[-84.441133,30.8360654],[-84.4412321,30.8354943],[-84.440814,30.8354136],[-84.4403742,30.8355287],[-84.4403329,30.836279],[-84.44111,30.8361674]]]},"properties":{"track_name":"Pro Supercross Track","day_of_week":"Wednesday","date":"2026-09-02","status":"","open_time":"","close_time":"","session":"Afternoon","notes":"","active":"No","display_name":"Pro\nSupercross\nTrack"}},{"type":"Feature","geometry":{"type":"Polygon","coordinates":[[[-84.44111,30.8361674],[-84.441133,30.8360654],[-84.4412321,30.8354943],[-84.440814,30.8354136],[-84.4403742,30.8355287],[-84.4403329,30.836279],[-84.44111,30.8361674]]]},"properties":{"track_name":"Pro Supercross Track","day_of_week":"Wednesday","date":"2026-09-02","status":"","open_time":"","close_time":"","session":"Evening","notes":"","active":"No","display_name":"Pro\nSupercross\nTrack"}},{"type":"Feature","geometry":{"type":"Polygon","coordinates":[[[-84.4397819,30.8410012],[-84.4392803,30.8412015],[-84.4390587,30.8412315],[-84.4385804,30.8406707],[-84.4380555,30.8401399],[-84.4376939,30.8396692],[-84.4374723,30.8392485],[-84.4376589,30.838918],[-84.4377522,30.8386476],[-84.4380438,30.8383571],[-84.4382188,30.8381869],[-84.4388254,30.8383872],[-84.4393736,30.8385374],[-84.4399102,30.8387277],[-84.4405051,30.8394388],[-84.4400968,30.8396992],[-84.4402018,30.8399195],[-84.4406567,30.8404503],[-84.4402485,30.8407208],[-84.4397819,30.8410012]]]},"properties":{"track_name":"National Motocross Track","day_of_week":"Wednesday","date":"2026-09-02","status":"","open_time":"","close_time":"","session":"Morning","notes":"","active":"No","display_name":"National\nMotocross\nTrack"}},{"type":"Feature","geometry":{"type":"Polygon","coordinates":[[[-84.4397819,30.8410012],[-84.4392803,30.8412015],[-84.4390587,30.8412315],[-84.4385804,30.8406707],[-84.4380555,30.8401399],[-84.4376939,30.8396692],[-84.4374723,30.8392485],[-84.4376589,30.838918],[-84.4377522,30.8386476],[-84.4380438,30.8383571],[-84.4382188,30.8381869],[-84.4388254,30.8383872],[-84.4393736,30.8385374],[-84.4399102,30.8387277],[-84.4405051,30.8394388],[-84.4400968,30.8396992],[-84.4402018,30.8399195],[-84.4406567,30.8404503],[-84.4402485,30.8407208],[-84.4397819,30.8410012]]]},"properties":{"track_name":"National Motocross Track","day_of_week":"Wednesday","date":"2026-09-02","status":"","open_time":"","close_time":"","session":"Afternoon","notes":"","active":"No","display_name":"National\nMotocross\nTrack"}},{"type":"Feature","geometry":{"type":"Polygon","coordinates":[[[-84.4397819,30.8410012],[-84.4392803,30.8412015],[-84.4390587,30.8412315],[-84.4385804,30.8406707],[-84.4380555,30.8401399],[-84.4376939,30.8396692],[-84.4374723,30.8392485],[-84.4376589,30.838918],[-84.4377522,30.8386476],[-84.4380438,30.8383571],[-84.4382188,30.8381869],[-84.4388254,30.8383872],[-84.4393736,30.8385374],[-84.4399102,30.8387277],[-84.4405051,30.8394388],[-84.4400968,30.8396992],[-84.4402018,30.8399195],[-84.4406567,30.8404503],[-84.4402485,30.8407208],[-84.4397819,30.8410012]]]},"properties":{"track_name":"National Motocross Track","day_of_week":"Wednesday","date":"2026-09-02","status":"","open_time":"","close_time":"","session":"Evening","notes":"","active":"No","display_name":"National\nMotocross\nTrack"}},{"type":"Feature","geometry":{"type":"Polygon","coordinates":[[[-84.4372275,30.8370251],[-84.4373522,30.8364628],[-84.4373366,30.835887],[-84.4374146,30.8355522],[-84.4375862,30.8349229],[-84.4379136,30.8348518],[-84.4382879,30.8350125],[-84.438553,30.8353339],[-84.4385374,30.8358025],[-84.4383191,30.8367975],[-84.4379448,30.8371189],[-84.4372275,30.8370251]]]},"properties":{"track_name":"Sand Track","day_of_week":"Wednesday","date":"2026-09-02","status":"","open_time":"","close_time":"","session":"Morning","notes":"","active":"No","display_name":"Sand\nTrack"}},{"type":"Feature","geometry":{"type":"Polygon","coordinates":[[[-84.4372275,30.8370251],[-84.4373522,30.8364628],[-84.4373366,30.835887],[-84.4374146,30.8355522],[-84.4375862,30.8349229],[-84.4379136,30.8348518],[-84.4382879,30.8350125],[-84.438553,30.8353339],[-84.4385374,30.8358025],[-84.4383191,30.8367975],[-84.4379448,30.8371189],[-84.4372275,30.8370251]]]},"properties":{"track_name":"Sand Track","day_of_week":"Wednesday","date":"2026-09-02","status":"","open_time":"","close_time":"","session":"Afternoon","notes":"","active":"No","display_name":"Sand\nTrack"}},{"type":"Feature","geometry":{"type":"Polygon","coordinates":[[[-84.4372275,30.8370251],[-84.4373522,30.8364628],[-84.4373366,30.835887],[-84.4374146,30.8355522],[-84.4375862,30.8349229],[-84.4379136,30.8348518],[-84.4382879,30.8350125],[-84.438553,30.8353339],[-84.4385374,30.8358025],[-84.4383191,30.8367975],[-84.4379448,30.8371189],[-84.4372275,30.8370251]]]},"properties":{"track_name":"Sand Track","day_of_week":"Wednesday","date":"2026-09-02","status":"","open_time":"","close_time":"","session":"Evening","notes":"","active":"No","display_name":"Sand\nTrack"}},{"type":"Feature","geometry":{"type":"Polygon","coordinates":[[[-84.4397382,30.8355347],[-84.4401749,30.8355213],[-84.4402749,30.8364069],[-84.4397538,30.8363515],[-84.4397382,30.8355347]]]},"properties":{"track_name":"Drills Track","day_of_week":"Wednesday","date":"2026-09-02","status":"","open_time":"","close_time":"","session":"Morning","notes":"","active":"No","display_name":"Drills\nTrack"}},{"type":"Feature","geometry":{"type":"Polygon","coordinates":[[[-84.4397382,30.8355347],[-84.4401749,30.8355213],[-84.4402749,30.8364069],[-84.4397538,30.8363515],[-84.4397382,30.8355347]]]},"properties":{"track_name":"Drills Track","day_of_week":"Wednesday","date":"2026-09-02","status":"","open_time":"","close_time":"","session":"Afternoon","notes":"","active":"No","display_name":"Drills\nTrack"}},{"type":"Feature","geometry":{"type":"Polygon","coordinates":[[[-84.4397382,30.8355347],[-84.4401749,30.8355213],[-84.4402749,30.8364069],[-84.4397538,30.8363515],[-84.4397382,30.8355347]]]},"properties":{"track_name":"Drills Track","day_of_week":"Wednesday","date":"2026-09-02","status":"","open_time":"","close_time":"","session":"Evening","notes":"","active":"No","display_name":"Drills\nTrack"}},{"type":"Feature","geometry":{"type":"Polygon","coordinates":[[[-84.4369523,30.8387197],[-84.4365408,30.8382057],[-84.4365408,30.8374206],[-84.4375695,30.8373814],[-84.4378666,30.8381701],[-84.4374094,30.8385823],[-84.4369523,30.8387197]]]},"properties":{"track_name":"Lower Turn Track","day_of_week":"Wednesday","date":"2026-09-02","status":"","open_time":"","close_time":"","session":"Morning","notes":"","active":"No","display_name":"Lower\nTurn\nTrack"}},{"type":"Feature","geometry":{"type":"Polygon","coordinates":[[[-84.4369523,30.8387197],[-84.4365408,30.8382057],[-84.4365408,30.8374206],[-84.4375695,30.8373814],[-84.4378666,30.8381701],[-84.4374094,30.8385823],[-84.4369523,30.8387197]]]},"properties":{"track_name":"Lower Turn Track","day_of_week":"Wednesday","date":"2026-09-02","status":"","open_time":"","close_time":"","session":"Afternoon","notes":"","active":"No","display_name":"Lower\nTurn\nTrack"}},{"type":"Feature","geometry":{"type":"Polygon","coordinates":[[[-84.4369523,30.8387197],[-84.4365408,30.8382057],[-84.4365408,30.8374206],[-84.4375695,30.8373814],[-84.4378666,30.8381701],[-84.4374094,30.8385823],[-84.4369523,30.8387197]]]},"properties":{"track_name":"Lower Turn Track","day_of_week":"Wednesday","date":"2026-09-02","status":"","open_time":"","close_time":"","session":"Evening","notes":"","active":"No","display_name":"Lower\nTurn\nTrack"}},{"type":"Feature","geometry":{"type":"Polygon","coordinates":[[[-84.440356,30.8351075],[-84.4405692,30.8350836],[-84.4405878,30.8352189],[-84.4403839,30.8352587],[-84.440356,30.8351075]]]},"properties":{"track_name":"Gym","day_of_week":"Wednesday","date":"2026-09-02","status":"","open_time":"","close_time":"","session":"Morning","notes":"","active":"No","display_name":"Gym"}},{"type":"Feature","geometry":{"type":"Polygon","coordinates":[[[-84.440356,30.8351075],[-84.4405692,30.8350836],[-84.4405878,30.8352189],[-84.4403839,30.8352587],[-84.440356,30.8351075]]]},"properties":{"track_name":"Gym","day_of_week":"Wednesday","date":"2026-09-02","status":"","open_time":"","close_time":"","session":"Afternoon","notes":"","active":"No","display_name":"Gym"}},{"type":"Feature","geometry":{"type":"Polygon","coordinates":[[[-84.440356,30.8351075],[-84.4405692,30.8350836],[-84.4405878,30.8352189],[-84.4403839,30.8352587],[-84.440356,30.8351075]]]},"properties":{"track_name":"Gym","day_of_week":"Wednesday","date":"2026-09-02","status":"","open_time":"","close_time":"","session":"Evening","notes":"","active":"No","display_name":"Gym"}},{"type":"Feature","geometry":{"type":"Polygon","coordinates":[[[-84.4409453,30.8384578],[-84.4404301,30.838219],[-84.4403668,30.8373717],[-84.4412469,30.8373488],[-84.4412904,30.8384081],[-84.4409453,30.8384578]]]},"properties":{"track_name":"Night Track / Vet Track","day_of_week":"Thursday","date":"2026-09-03","status":"","open_time":"","close_time":"","session":"Morning","notes":"","active":"No","display_name":"Night\nTrack\nVet\nTrack"}},{"type":"Feature","geometry":{"type":"Polygon","coordinates":[[[-84.4409453,30.8384578],[-84.4404301,30.838219],[-84.4403668,30.8373717],[-84.4412469,30.8373488],[-84.4412904,30.8384081],[-84.4409453,30.8384578]]]},"properties":{"track_name":"Night Track / Vet Track","day_of_week":"Thursday","date":"2026-09-03","status":"","open_time":"","close_time":"","session":"Afternoon","notes":"","active":"No","display_name":"Night\nTrack\nVet\nTrack"}},{"type":"Feature","geometry":{"type":"Polygon","coordinates":[[[-84.4409453,30.8384578],[-84.4404301,30.838219],[-84.4403668,30.8373717],[-84.4412469,30.8373488],[-84.4412904,30.8384081],[-84.4409453,30.8384578]]]},"properties":{"track_name":"Night Track / Vet Track","day_of_week":"Thursday","date":"2026-09-03","status":"","open_time":"","close_time":"","session":"Evening","notes":"","active":"No","display_name":"Night\nTrack\nVet\nTrack"}},{"type":"Feature","geometry":{"type":"Polygon","coordinates":[[[-84.4402749,30.8364069],[-84.4412349,30.8364187],[-84.4412469,30.8373488],[-84.44021685,30.83733603],[-84.44004073,30.83647645],[-84.4402749,30.8364069]]]},"properties":{"track_name":"Amateur Supercross Track","day_of_week":"Thursday","date":"2026-09-03","status":"","open_time":"","close_time":"","session":"Morning","notes":"","active":"No","display_name":"Amateur\nSupercross\nTrack"}},{"type":"Feature","geometry":{"type":"Polygon","coordinates":[[[-84.4402749,30.8364069],[-84.4412349,30.8364187],[-84.4412469,30.8373488],[-84.44021685,30.83733603],[-84.44004073,30.83647645],[-84.4402749,30.8364069]]]},"properties":{"track_name":"Amateur Supercross Track","day_of_week":"Thursday","date":"2026-09-03","status":"","open_time":"","close_time":"","session":"Afternoon","notes":"","active":"No","display_name":"Amateur\nSupercross\nTrack"}},{"type":"Feature","geometry":{"type":"Polygon","coordinates":[[[-84.4402749,30.8364069],[-84.4412349,30.8364187],[-84.4412469,30.8373488],[-84.44021685,30.83733603],[-84.44004073,30.83647645],[-84.4402749,30.8364069]]]},"properties":{"track_name":"Amateur Supercross Track","day_of_week":"Thursday","date":"2026-09-03","status":"","open_time":"","close_time":"","session":"Evening","notes":"","active":"No","display_name":"Amateur\nSupercross\nTrack"}},{"type":"Feature","geometry":{"type":"Polygon","coordinates":[[[-84.44111,30.8361674],[-84.441133,30.8360654],[-84.4412321,30.8354943],[-84.440814,30.8354136],[-84.4403742,30.8355287],[-84.4403329,30.836279],[-84.44111,30.8361674]]]},"properties":{"track_name":"Pro Supercross Track","day_of_week":"Thursday","date":"2026-09-03","status":"","open_time":"","close_time":"","session":"Morning","notes":"","active":"No","display_name":"Pro\nSupercross\nTrack"}},{"type":"Feature","geometry":{"type":"Polygon","coordinates":[[[-84.44111,30.8361674],[-84.441133,30.8360654],[-84.4412321,30.8354943],[-84.440814,30.8354136],[-84.4403742,30.8355287],[-84.4403329,30.836279],[-84.44111,30.8361674]]]},"properties":{"track_name":"Pro Supercross Track","day_of_week":"Thursday","date":"2026-09-03","status":"","open_time":"","close_time":"","session":"Afternoon","notes":"","active":"No","display_name":"Pro\nSupercross\nTrack"}},{"type":"Feature","geometry":{"type":"Polygon","coordinates":[[[-84.44111,30.8361674],[-84.441133,30.8360654],[-84.4412321,30.8354943],[-84.440814,30.8354136],[-84.4403742,30.8355287],[-84.4403329,30.836279],[-84.44111,30.8361674]]]},"properties":{"track_name":"Pro Supercross Track","day_of_week":"Thursday","date":"2026-09-03","status":"","open_time":"","close_time":"","session":"Evening","notes":"","active":"No","display_name":"Pro\nSupercross\nTrack"}},{"type":"Feature","geometry":{"type":"Polygon","coordinates":[[[-84.4397819,30.8410012],[-84.4392803,30.8412015],[-84.4390587,30.8412315],[-84.4385804,30.8406707],[-84.4380555,30.8401399],[-84.4376939,30.8396692],[-84.4374723,30.8392485],[-84.4376589,30.838918],[-84.4377522,30.8386476],[-84.4380438,30.8383571],[-84.4382188,30.8381869],[-84.4388254,30.8383872],[-84.4393736,30.8385374],[-84.4399102,30.8387277],[-84.4405051,30.8394388],[-84.4400968,30.8396992],[-84.4402018,30.8399195],[-84.4406567,30.8404503],[-84.4402485,30.8407208],[-84.4397819,30.8410012]]]},"properties":{"track_name":"National Motocross Track","day_of_week":"Thursday","date":"2026-09-03","status":"","open_time":"","close_time":"","session":"Morning","notes":"","active":"No","display_name":"National\nMotocross\nTrack"}},{"type":"Feature","geometry":{"type":"Polygon","coordinates":[[[-84.4397819,30.8410012],[-84.4392803,30.8412015],[-84.4390587,30.8412315],[-84.4385804,30.8406707],[-84.4380555,30.8401399],[-84.4376939,30.8396692],[-84.4374723,30.8392485],[-84.4376589,30.838918],[-84.4377522,30.8386476],[-84.4380438,30.8383571],[-84.4382188,30.8381869],[-84.4388254,30.8383872],[-84.4393736,30.8385374],[-84.4399102,30.8387277],[-84.4405051,30.8394388],[-84.4400968,30.8396992],[-84.4402018,30.8399195],[-84.4406567,30.8404503],[-84.4402485,30.8407208],[-84.4397819,30.8410012]]]},"properties":{"track_name":"National Motocross Track","day_of_week":"Thursday","date":"2026-09-03","status":"","open_time":"","close_time":"","session":"Afternoon","notes":"","active":"No","display_name":"National\nMotocross\nTrack"}},{"type":"Feature","geometry":{"type":"Polygon","coordinates":[[[-84.4397819,30.8410012],[-84.4392803,30.8412015],[-84.4390587,30.8412315],[-84.4385804,30.8406707],[-84.4380555,30.8401399],[-84.4376939,30.8396692],[-84.4374723,30.8392485],[-84.4376589,30.838918],[-84.4377522,30.8386476],[-84.4380438,30.8383571],[-84.4382188,30.8381869],[-84.4388254,30.8383872],[-84.4393736,30.8385374],[-84.4399102,30.8387277],[-84.4405051,30.8394388],[-84.4400968,30.8396992],[-84.4402018,30.8399195],[-84.4406567,30.8404503],[-84.4402485,30.8407208],[-84.4397819,30.8410012]]]},"properties":{"track_name":"National Motocross Track","day_of_week":"Thursday","date":"2026-09-03","status":"","open_time":"","close_time":"","session":"Evening","notes":"","active":"No","display_name":"National\nMotocross\nTrack"}},{"type":"Feature","geometry":{"type":"Polygon","coordinates":[[[-84.4372275,30.8370251],[-84.4373522,30.8364628],[-84.4373366,30.835887],[-84.4374146,30.8355522],[-84.4375862,30.8349229],[-84.4379136,30.8348518],[-84.4382879,30.8350125],[-84.438553,30.8353339],[-84.4385374,30.8358025],[-84.4383191,30.8367975],[-84.4379448,30.8371189],[-84.4372275,30.8370251]]]},"properties":{"track_name":"Sand Track","day_of_week":"Thursday","date":"2026-09-03","status":"","open_time":"","close_time":"","session":"Morning","notes":"","active":"No","display_name":"Sand\nTrack"}},{"type":"Feature","geometry":{"type":"Polygon","coordinates":[[[-84.4372275,30.8370251],[-84.4373522,30.8364628],[-84.4373366,30.835887],[-84.4374146,30.8355522],[-84.4375862,30.8349229],[-84.4379136,30.8348518],[-84.4382879,30.8350125],[-84.438553,30.8353339],[-84.4385374,30.8358025],[-84.4383191,30.8367975],[-84.4379448,30.8371189],[-84.4372275,30.8370251]]]},"properties":{"track_name":"Sand Track","day_of_week":"Thursday","date":"2026-09-03","status":"","open_time":"","close_time":"","session":"Afternoon","notes":"","active":"No","display_name":"Sand\nTrack"}},{"type":"Feature","geometry":{"type":"Polygon","coordinates":[[[-84.4372275,30.8370251],[-84.4373522,30.8364628],[-84.4373366,30.835887],[-84.4374146,30.8355522],[-84.4375862,30.8349229],[-84.4379136,30.8348518],[-84.4382879,30.8350125],[-84.438553,30.8353339],[-84.4385374,30.8358025],[-84.4383191,30.8367975],[-84.4379448,30.8371189],[-84.4372275,30.8370251]]]},"properties":{"track_name":"Sand Track","day_of_week":"Thursday","date":"2026-09-03","status":"","open_time":"","close_time":"","session":"Evening","notes":"","active":"No","display_name":"Sand\nTrack"}},{"type":"Feature","geometry":{"type":"Polygon","coordinates":[[[-84.4397382,30.8355347],[-84.4401749,30.8355213],[-84.4402749,30.8364069],[-84.4397538,30.8363515],[-84.4397382,30.8355347]]]},"properties":{"track_name":"Drills Track","day_of_week":"Thursday","date":"2026-09-03","status":"","open_time":"","close_time":"","session":"Morning","notes":"","active":"No","display_name":"Drills\nTrack"}},{"type":"Feature","geometry":{"type":"Polygon","coordinates":[[[-84.4397382,30.8355347],[-84.4401749,30.8355213],[-84.4402749,30.8364069],[-84.4397538,30.8363515],[-84.4397382,30.8355347]]]},"properties":{"track_name":"Drills Track","day_of_week":"Thursday","date":"2026-09-03","status":"","open_time":"","close_time":"","session":"Afternoon","notes":"","active":"No","display_name":"Drills\nTrack"}},{"type":"Feature","geometry":{"type":"Polygon","coordinates":[[[-84.4397382,30.8355347],[-84.4401749,30.8355213],[-84.4402749,30.8364069],[-84.4397538,30.8363515],[-84.4397382,30.8355347]]]},"properties":{"track_name":"Drills Track","day_of_week":"Thursday","date":"2026-09-03","status":"","open_time":"","close_time":"","session":"Evening","notes":"","active":"No","display_name":"Drills\nTrack"}},{"type":"Feature","geometry":{"type":"Polygon","coordinates":[[[-84.4369523,30.8387197],[-84.4365408,30.8382057],[-84.4365408,30.8374206],[-84.4375695,30.8373814],[-84.4378666,30.8381701],[-84.4374094,30.8385823],[-84.4369523,30.8387197]]]},"properties":{"track_name":"Lower Turn Track","day_of_week":"Thursday","date":"2026-09-03","status":"","open_time":"","close_time":"","session":"Morning","notes":"","active":"No","display_name":"Lower\nTurn\nTrack"}},{"type":"Feature","geometry":{"type":"Polygon","coordinates":[[[-84.4369523,30.8387197],[-84.4365408,30.8382057],[-84.4365408,30.8374206],[-84.4375695,30.8373814],[-84.4378666,30.8381701],[-84.4374094,30.8385823],[-84.4369523,30.8387197]]]},"properties":{"track_name":"Lower Turn Track","day_of_week":"Thursday","date":"2026-09-03","status":"","open_time":"","close_time":"","session":"Afternoon","notes":"","active":"No","display_name":"Lower\nTurn\nTrack"}},{"type":"Feature","geometry":{"type":"Polygon","coordinates":[[[-84.4369523,30.8387197],[-84.4365408,30.8382057],[-84.4365408,30.8374206],[-84.4375695,30.8373814],[-84.4378666,30.8381701],[-84.4374094,30.8385823],[-84.4369523,30.8387197]]]},"properties":{"track_name":"Lower Turn Track","day_of_week":"Thursday","date":"2026-09-03","status":"","open_time":"","close_time":"","session":"Evening","notes":"","active":"No","display_name":"Lower\nTurn\nTrack"}},{"type":"Feature","geometry":{"type":"Polygon","coordinates":[[[-84.440356,30.8351075],[-84.4405692,30.8350836],[-84.4405878,30.8352189],[-84.4403839,30.8352587],[-84.440356,30.8351075]]]},"properties":{"track_name":"Gym","day_of_week":"Thursday","date":"2026-09-03","status":"","open_time":"","close_time":"","session":"Morning","notes":"","active":"No","display_name":"Gym"}},{"type":"Feature","geometry":{"type":"Polygon","coordinates":[[[-84.440356,30.8351075],[-84.4405692,30.8350836],[-84.4405878,30.8352189],[-84.4403839,30.8352587],[-84.440356,30.8351075]]]},"properties":{"track_name":"Gym","day_of_week":"Thursday","date":"2026-09-03","status":"","open_time":"","close_time":"","session":"Afternoon","notes":"","active":"No","display_name":"Gym"}},{"type":"Feature","geometry":{"type":"Polygon","coordinates":[[[-84.440356,30.8351075],[-84.4405692,30.8350836],[-84.4405878,30.8352189],[-84.4403839,30.8352587],[-84.440356,30.8351075]]]},"properties":{"track_name":"Gym","day_of_week":"Thursday","date":"2026-09-03","status":"","open_time":"","close_time":"","session":"Evening","notes":"","active":"No","display_name":"Gym"}},{"type":"Feature","geometry":{"type":"Polygon","coordinates":[[[-84.4409453,30.8384578],[-84.4404301,30.838219],[-84.4403668,30.8373717],[-84.4412469,30.8373488],[-84.4412904,30.8384081],[-84.4409453,30.8384578]]]},"properties":{"track_name":"Night Track / Vet Track","day_of_week":"Friday","date":"2026-09-04","status":"","open_time":"","close_time":"","session":"Morning","notes":"","active":"No","display_name":"Night\nTrack\nVet\nTrack"}},{"type":"Feature","geometry":{"type":"Polygon","coordinates":[[[-84.4409453,30.8384578],[-84.4404301,30.838219],[-84.4403668,30.8373717],[-84.4412469,30.8373488],[-84.4412904,30.8384081],[-84.4409453,30.8384578]]]},"properties":{"track_name":"Night Track / Vet Track","day_of_week":"Friday","date":"2026-09-04","status":"","open_time":"","close_time":"","session":"Afternoon","notes":"","active":"No","display_name":"Night\nTrack\nVet\nTrack"}},{"type":"Feature","geometry":{"type":"Polygon","coordinates":[[[-84.4409453,30.8384578],[-84.4404301,30.838219],[-84.4403668,30.8373717],[-84.4412469,30.8373488],[-84.4412904,30.8384081],[-84.4409453,30.8384578]]]},"properties":{"track_name":"Night Track / Vet Track","day_of_week":"Friday","date":"2026-09-04","status":"","open_time":"","close_time":"","session":"Evening","notes":"","active":"No","display_name":"Night\nTrack\nVet\nTrack"}},{"type":"Feature","geometry":{"type":"Polygon","coordinates":[[[-84.4402749,30.8364069],[-84.4412349,30.8364187],[-84.4412469,30.8373488],[-84.44021685,30.83733603],[-84.44004073,30.83647645],[-84.4402749,30.8364069]]]},"properties":{"track_name":"Amateur Supercross Track","day_of_week":"Friday","date":"2026-09-04","status":"","open_time":"","close_time":"","session":"Morning","notes":"","active":"No","display_name":"Amateur\nSupercross\nTrack"}},{"type":"Feature","geometry":{"type":"Polygon","coordinates":[[[-84.4402749,30.8364069],[-84.4412349,30.8364187],[-84.4412469,30.8373488],[-84.44021685,30.83733603],[-84.44004073,30.83647645],[-84.4402749,30.8364069]]]},"properties":{"track_name":"Amateur Supercross Track","day_of_week":"Friday","date":"2026-09-04","status":"","open_time":"","close_time":"","session":"Afternoon","notes":"","active":"No","display_name":"Amateur\nSupercross\nTrack"}},{"type":"Feature","geometry":{"type":"Polygon","coordinates":[[[-84.4402749,30.8364069],[-84.4412349,30.8364187],[-84.4412469,30.8373488],[-84.44021685,30.83733603],[-84.44004073,30.83647645],[-84.4402749,30.8364069]]]},"properties":{"track_name":"Amateur Supercross Track","day_of_week":"Friday","date":"2026-09-04","status":"","open_time":"","close_time":"","session":"Evening","notes":"","active":"No","display_name":"Amateur\nSupercross\nTrack"}},{"type":"Feature","geometry":{"type":"Polygon","coordinates":[[[-84.44111,30.8361674],[-84.441133,30.8360654],[-84.4412321,30.8354943],[-84.440814,30.8354136],[-84.4403742,30.8355287],[-84.4403329,30.836279],[-84.44111,30.8361674]]]},"properties":{"track_name":"Pro Supercross Track","day_of_week":"Friday","date":"2026-09-04","status":"","open_time":"","close_time":"","session":"Morning","notes":"","active":"No","display_name":"Pro\nSupercross\nTrack"}},{"type":"Feature","geometry":{"type":"Polygon","coordinates":[[[-84.44111,30.8361674],[-84.441133,30.8360654],[-84.4412321,30.8354943],[-84.440814,30.8354136],[-84.4403742,30.8355287],[-84.4403329,30.836279],[-84.44111,30.8361674]]]},"properties":{"track_name":"Pro Supercross Track","day_of_week":"Friday","date":"2026-09-04","status":"","open_time":"","close_time":"","session":"Afternoon","notes":"","active":"No","display_name":"Pro\nSupercross\nTrack"}},{"type":"Feature","geometry":{"type":"Polygon","coordinates":[[[-84.44111,30.8361674],[-84.441133,30.8360654],[-84.4412321,30.8354943],[-84.440814,30.8354136],[-84.4403742,30.8355287],[-84.4403329,30.836279],[-84.44111,30.8361674]]]},"properties":{"track_name":"Pro Supercross Track","day_of_week":"Friday","date":"2026-09-04","status":"","open_time":"","close_time":"","session":"Evening","notes":"","active":"No","display_name":"Pro\nSupercross\nTrack"}},{"type":"Feature","geometry":{"type":"Polygon","coordinates":[[[-84.4397819,30.8410012],[-84.4392803,30.8412015],[-84.4390587,30.8412315],[-84.4385804,30.8406707],[-84.4380555,30.8401399],[-84.4376939,30.8396692],[-84.4374723,30.8392485],[-84.4376589,30.838918],[-84.4377522,30.8386476],[-84.4380438,30.8383571],[-84.4382188,30.8381869],[-84.4388254,30.8383872],[-84.4393736,30.8385374],[-84.4399102,30.8387277],[-84.4405051,30.8394388],[-84.4400968,30.8396992],[-84.4402018,30.8399195],[-84.4406567,30.8404503],[-84.4402485,30.8407208],[-84.4397819,30.8410012]]]},"properties":{"track_name":"National Motocross Track","day_of_week":"Friday","date":"2026-09-04","status":"","open_time":"","close_time":"","session":"Morning","notes":"","active":"No","display_name":"National\nMotocross\nTrack"}},{"type":"Feature","geometry":{"type":"Polygon","coordinates":[[[-84.4397819,30.8410012],[-84.4392803,30.8412015],[-84.4390587,30.8412315],[-84.4385804,30.8406707],[-84.4380555,30.8401399],[-84.4376939,30.8396692],[-84.4374723,30.8392485],[-84.4376589,30.838918],[-84.4377522,30.8386476],[-84.4380438,30.8383571],[-84.4382188,30.8381869],[-84.4388254,30.8383872],[-84.4393736,30.8385374],[-84.4399102,30.8387277],[-84.4405051,30.8394388],[-84.4400968,30.8396992],[-84.4402018,30.8399195],[-84.4406567,30.8404503],[-84.4402485,30.8407208],[-84.4397819,30.8410012]]]},"properties":{"track_name":"National Motocross Track","day_of_week":"Friday","date":"2026-09-04","status":"","open_time":"","close_time":"","session":"Afternoon","notes":"","active":"No","display_name":"National\nMotocross\nTrack"}},{"type":"Feature","geometry":{"type":"Polygon","coordinates":[[[-84.4397819,30.8410012],[-84.4392803,30.8412015],[-84.4390587,30.8412315],[-84.4385804,30.8406707],[-84.4380555,30.8401399],[-84.4376939,30.8396692],[-84.4374723,30.8392485],[-84.4376589,30.838918],[-84.4377522,30.8386476],[-84.4380438,30.8383571],[-84.4382188,30.8381869],[-84.4388254,30.8383872],[-84.4393736,30.8385374],[-84.4399102,30.8387277],[-84.4405051,30.8394388],[-84.4400968,30.8396992],[-84.4402018,30.8399195],[-84.4406567,30.8404503],[-84.4402485,30.8407208],[-84.4397819,30.8410012]]]},"properties":{"track_name":"National Motocross Track","day_of_week":"Friday","date":"2026-09-04","status":"","open_time":"","close_time":"","session":"Evening","notes":"","active":"No","display_name":"National\nMotocross\nTrack"}},{"type":"Feature","geometry":{"type":"Polygon","coordinates":[[[-84.4372275,30.8370251],[-84.4373522,30.8364628],[-84.4373366,30.835887],[-84.4374146,30.8355522],[-84.4375862,30.8349229],[-84.4379136,30.8348518],[-84.4382879,30.8350125],[-84.438553,30.8353339],[-84.4385374,30.8358025],[-84.4383191,30.8367975],[-84.4379448,30.8371189],[-84.4372275,30.8370251]]]},"properties":{"track_name":"Sand Track","day_of_week":"Friday","date":"2026-09-04","status":"","open_time":"","close_time":"","session":"Morning","notes":"","active":"No","display_name":"Sand\nTrack"}},{"type":"Feature","geometry":{"type":"Polygon","coordinates":[[[-84.4372275,30.8370251],[-84.4373522,30.8364628],[-84.4373366,30.835887],[-84.4374146,30.8355522],[-84.4375862,30.8349229],[-84.4379136,30.8348518],[-84.4382879,30.8350125],[-84.438553,30.8353339],[-84.4385374,30.8358025],[-84.4383191,30.8367975],[-84.4379448,30.8371189],[-84.4372275,30.8370251]]]},"properties":{"track_name":"Sand Track","day_of_week":"Friday","date":"2026-09-04","status":"","open_time":"","close_time":"","session":"Afternoon","notes":"","active":"No","display_name":"Sand\nTrack"}},{"type":"Feature","geometry":{"type":"Polygon","coordinates":[[[-84.4372275,30.8370251],[-84.4373522,30.8364628],[-84.4373366,30.835887],[-84.4374146,30.8355522],[-84.4375862,30.8349229],[-84.4379136,30.8348518],[-84.4382879,30.8350125],[-84.438553,30.8353339],[-84.4385374,30.8358025],[-84.4383191,30.8367975],[-84.4379448,30.8371189],[-84.4372275,30.8370251]]]},"properties":{"track_name":"Sand Track","day_of_week":"Friday","date":"2026-09-04","status":"","open_time":"","close_time":"","session":"Evening","notes":"","active":"No","display_name":"Sand\nTrack"}},{"type":"Feature","geometry":{"type":"Polygon","coordinates":[[[-84.4397382,30.8355347],[-84.4401749,30.8355213],[-84.4402749,30.8364069],[-84.4397538,30.8363515],[-84.4397382,30.8355347]]]},"properties":{"track_name":"Drills Track","day_of_week":"Friday","date":"2026-09-04","status":"","open_time":"","close_time":"","session":"Morning","notes":"","active":"No","display_name":"Drills\nTrack"}},{"type":"Feature","geometry":{"type":"Polygon","coordinates":[[[-84.4397382,30.8355347],[-84.4401749,30.8355213],[-84.4402749,30.8364069],[-84.4397538,30.8363515],[-84.4397382,30.8355347]]]},"properties":{"track_name":"Drills Track","day_of_week":"Friday","date":"2026-09-04","status":"","open_time":"","close_time":"","session":"Afternoon","notes":"","active":"No","display_name":"Drills\nTrack"}},{"type":"Feature","geometry":{"type":"Polygon","coordinates":[[[-84.4397382,30.8355347],[-84.4401749,30.8355213],[-84.4402749,30.8364069],[-84.4397538,30.8363515],[-84.4397382,30.8355347]]]},"properties":{"track_name":"Drills Track","day_of_week":"Friday","date":"2026-09-04","status":"","open_time":"","close_time":"","session":"Evening","notes":"","active":"No","display_name":"Drills\nTrack"}},{"type":"Feature","geometry":{"type":"Polygon","coordinates":[[[-84.4369523,30.8387197],[-84.4365408,30.8382057],[-84.4365408,30.8374206],[-84.4375695,30.8373814],[-84.4378666,30.8381701],[-84.4374094,30.8385823],[-84.4369523,30.8387197]]]},"properties":{"track_name":"Lower Turn Track","day_of_week":"Friday","date":"2026-09-04","status":"","open_time":"","close_time":"","session":"Morning","notes":"","active":"No","display_name":"Lower\nTurn\nTrack"}},{"type":"Feature","geometry":{"type":"Polygon","coordinates":[[[-84.4369523,30.8387197],[-84.4365408,30.8382057],[-84.4365408,30.8374206],[-84.4375695,30.8373814],[-84.4378666,30.8381701],[-84.4374094,30.8385823],[-84.4369523,30.8387197]]]},"properties":{"track_name":"Lower Turn Track","day_of_week":"Friday","date":"2026-09-04","status":"","open_time":"","close_time":"","session":"Afternoon","notes":"","active":"No","display_name":"Lower\nTurn\nTrack"}},{"type":"Feature","geometry":{"type":"Polygon","coordinates":[[[-84.4369523,30.8387197],[-84.4365408,30.8382057],[-84.4365408,30.8374206],[-84.4375695,30.8373814],[-84.4378666,30.8381701],[-84.4374094,30.8385823],[-84.4369523,30.8387197]]]},"properties":{"track_name":"Lower Turn Track","day_of_week":"Friday","date":"2026-09-04","status":"","open_time":"","close_time":"","session":"Evening","notes":"","active":"No","display_name":"Lower\nTurn\nTrack"}},{"type":"Feature","geometry":{"type":"Polygon","coordinates":[[[-84.440356,30.8351075],[-84.4405692,30.8350836],[-84.4405878,30.8352189],[-84.4403839,30.8352587],[-84.440356,30.8351075]]]},"properties":{"track_name":"Gym","day_of_week":"Friday","date":"2026-09-04","status":"","open_time":"","close_time":"","session":"Morning","notes":"","active":"No","display_name":"Gym"}},{"type":"Feature","geometry":{"type":"Polygon","coordinates":[[[-84.440356,30.8351075],[-84.4405692,30.8350836],[-84.4405878,30.8352189],[-84.4403839,30.8352587],[-84.440356,30.8351075]]]},"properties":{"track_name":"Gym","day_of_week":"Friday","date":"2026-09-04","status":"","open_time":"","close_time":"","session":"Afternoon","notes":"","active":"No","display_name":"Gym"}},{"type":"Feature","geometry":{"type":"Polygon","coordinates":[[[-84.440356,30.8351075],[-84.4405692,30.8350836],[-84.4405878,30.8352189],[-84.4403839,30.8352587],[-84.440356,30.8351075]]]},"properties":{"track_name":"Gym","day_of_week":"Friday","date":"2026-09-04","status":"","open_time":"","close_time":"","session":"Evening","notes":"","active":"No","display_name":"Gym"}},{"type":"Feature","geometry":{"type":"Polygon","coordinates":[[[-84.4409453,30.8384578],[-84.4404301,30.838219],[-84.4403668,30.8373717],[-84.4412469,30.8373488],[-84.4412904,30.8384081],[-84.4409453,30.8384578]]]},"properties":{"track_name":"Night Track / Vet Track","day_of_week":"Saturday","date":"2026-09-05","status":"","open_time":"","close_time":"","session":"Morning","notes":"","active":"No","display_name":"Night\nTrack\nVet\nTrack"}},{"type":"Feature","geometry":{"type":"Polygon","coordinates":[[[-84.4409453,30.8384578],[-84.4404301,30.838219],[-84.4403668,30.8373717],[-84.4412469,30.8373488],[-84.4412904,30.8384081],[-84.4409453,30.8384578]]]},"properties":{"track_name":"Night Track / Vet Track","day_of_week":"Saturday","date":"2026-09-05","status":"","open_time":"","close_time":"","session":"Afternoon","notes":"","active":"No","display_name":"Night\nTrack\nVet\nTrack"}},{"type":"Feature","geometry":{"type":"Polygon","coordinates":[[[-84.4409453,30.8384578],[-84.4404301,30.838219],[-84.4403668,30.8373717],[-84.4412469,30.8373488],[-84.4412904,30.8384081],[-84.4409453,30.8384578]]]},"properties":{"track_name":"Night Track / Vet Track","day_of_week":"Saturday","date":"2026-09-05","status":"","open_time":"","close_time":"","session":"Evening","notes":"","active":"No","display_name":"Night\nTrack\nVet\nTrack"}},{"type":"Feature","geometry":{"type":"Polygon","coordinates":[[[-84.4402749,30.8364069],[-84.4412349,30.8364187],[-84.4412469,30.8373488],[-84.44021685,30.83733603],[-84.44004073,30.83647645],[-84.4402749,30.8364069]]]},"properties":{"track_name":"Amateur Supercross Track","day_of_week":"Saturday","date":"2026-09-05","status":"","open_time":"","close_time":"","session":"Morning","notes":"","active":"No","display_name":"Amateur\nSupercross\nTrack"}},{"type":"Feature","geometry":{"type":"Polygon","coordinates":[[[-84.4402749,30.8364069],[-84.4412349,30.8364187],[-84.4412469,30.8373488],[-84.44021685,30.83733603],[-84.44004073,30.83647645],[-84.4402749,30.8364069]]]},"properties":{"track_name":"Amateur Supercross Track","day_of_week":"Saturday","date":"2026-09-05","status":"","open_time":"","close_time":"","session":"Afternoon","notes":"","active":"No","display_name":"Amateur\nSupercross\nTrack"}},{"type":"Feature","geometry":{"type":"Polygon","coordinates":[[[-84.4402749,30.8364069],[-84.4412349,30.8364187],[-84.4412469,30.8373488],[-84.44021685,30.83733603],[-84.44004073,30.83647645],[-84.4402749,30.8364069]]]},"properties":{"track_name":"Amateur Supercross Track","day_of_week":"Saturday","date":"2026-09-05","status":"","open_time":"","close_time":"","session":"Evening","notes":"","active":"No","display_name":"Amateur\nSupercross\nTrack"}},{"type":"Feature","geometry":{"type":"Polygon","coordinates":[[[-84.44111,30.8361674],[-84.441133,30.8360654],[-84.4412321,30.8354943],[-84.440814,30.8354136],[-84.4403742,30.8355287],[-84.4403329,30.836279],[-84.44111,30.8361674]]]},"properties":{"track_name":"Pro Supercross Track","day_of_week":"Saturday","date":"2026-09-05","status":"","open_time":"","close_time":"","session":"Morning","notes":"","active":"No","display_name":"Pro\nSupercross\nTrack"}},{"type":"Feature","geometry":{"type":"Polygon","coordinates":[[[-84.44111,30.8361674],[-84.441133,30.8360654],[-84.4412321,30.8354943],[-84.440814,30.8354136],[-84.4403742,30.8355287],[-84.4403329,30.836279],[-84.44111,30.8361674]]]},"properties":{"track_name":"Pro Supercross Track","day_of_week":"Saturday","date":"2026-09-05","status":"","open_time":"","close_time":"","session":"Afternoon","notes":"","active":"No","display_name":"Pro\nSupercross\nTrack"}},{"type":"Feature","geometry":{"type":"Polygon","coordinates":[[[-84.44111,30.8361674],[-84.441133,30.8360654],[-84.4412321,30.8354943],[-84.440814,30.8354136],[-84.4403742,30.8355287],[-84.4403329,30.836279],[-84.44111,30.8361674]]]},"properties":{"track_name":"Pro Supercross Track","day_of_week":"Saturday","date":"2026-09-05","status":"","open_time":"","close_time":"","session":"Evening","notes":"","active":"No","display_name":"Pro\nSupercross\nTrack"}},{"type":"Feature","geometry":{"type":"Polygon","coordinates":[[[-84.4397819,30.8410012],[-84.4392803,30.8412015],[-84.4390587,30.8412315],[-84.4385804,30.8406707],[-84.4380555,30.8401399],[-84.4376939,30.8396692],[-84.4374723,30.8392485],[-84.4376589,30.838918],[-84.4377522,30.8386476],[-84.4380438,30.8383571],[-84.4382188,30.8381869],[-84.4388254,30.8383872],[-84.4393736,30.8385374],[-84.4399102,30.8387277],[-84.4405051,30.8394388],[-84.4400968,30.8396992],[-84.4402018,30.8399195],[-84.4406567,30.8404503],[-84.4402485,30.8407208],[-84.4397819,30.8410012]]]},"properties":{"track_name":"National Motocross Track","day_of_week":"Saturday","date":"2026-09-05","status":"","open_time":"","close_time":"","session":"Morning","notes":"","active":"No","display_name":"National\nMotocross\nTrack"}},{"type":"Feature","geometry":{"type":"Polygon","coordinates":[[[-84.4397819,30.8410012],[-84.4392803,30.8412015],[-84.4390587,30.8412315],[-84.4385804,30.8406707],[-84.4380555,30.8401399],[-84.4376939,30.8396692],[-84.4374723,30.8392485],[-84.4376589,30.838918],[-84.4377522,30.8386476],[-84.4380438,30.8383571],[-84.4382188,30.8381869],[-84.4388254,30.8383872],[-84.4393736,30.8385374],[-84.4399102,30.8387277],[-84.4405051,30.8394388],[-84.4400968,30.8396992],[-84.4402018,30.8399195],[-84.4406567,30.8404503],[-84.4402485,30.8407208],[-84.4397819,30.8410012]]]},"properties":{"track_name":"National Motocross Track","day_of_week":"Saturday","date":"2026-09-05","status":"","open_time":"","close_time":"","session":"Afternoon","notes":"","active":"No","display_name":"National\nMotocross\nTrack"}},{"type":"Feature","geometry":{"type":"Polygon","coordinates":[[[-84.4397819,30.8410012],[-84.4392803,30.8412015],[-84.4390587,30.8412315],[-84.4385804,30.8406707],[-84.4380555,30.8401399],[-84.4376939,30.8396692],[-84.4374723,30.8392485],[-84.4376589,30.838918],[-84.4377522,30.8386476],[-84.4380438,30.8383571],[-84.4382188,30.8381869],[-84.4388254,30.8383872],[-84.4393736,30.8385374],[-84.4399102,30.8387277],[-84.4405051,30.8394388],[-84.4400968,30.8396992],[-84.4402018,30.8399195],[-84.4406567,30.8404503],[-84.4402485,30.8407208],[-84.4397819,30.8410012]]]},"properties":{"track_name":"National Motocross Track","day_of_week":"Saturday","date":"2026-09-05","status":"","open_time":"","close_time":"","session":"Evening","notes":"","active":"No","display_name":"National\nMotocross\nTrack"}},{"type":"Feature","geometry":{"type":"Polygon","coordinates":[[[-84.4372275,30.8370251],[-84.4373522,30.8364628],[-84.4373366,30.835887],[-84.4374146,30.8355522],[-84.4375862,30.8349229],[-84.4379136,30.8348518],[-84.4382879,30.8350125],[-84.438553,30.8353339],[-84.4385374,30.8358025],[-84.4383191,30.8367975],[-84.4379448,30.8371189],[-84.4372275,30.8370251]]]},"properties":{"track_name":"Sand Track","day_of_week":"Saturday","date":"2026-09-05","status":"","open_time":"","close_time":"","session":"Morning","notes":"","active":"No","display_name":"Sand\nTrack"}},{"type":"Feature","geometry":{"type":"Polygon","coordinates":[[[-84.4372275,30.8370251],[-84.4373522,30.8364628],[-84.4373366,30.835887],[-84.4374146,30.8355522],[-84.4375862,30.8349229],[-84.4379136,30.8348518],[-84.4382879,30.8350125],[-84.438553,30.8353339],[-84.4385374,30.8358025],[-84.4383191,30.8367975],[-84.4379448,30.8371189],[-84.4372275,30.8370251]]]},"properties":{"track_name":"Sand Track","day_of_week":"Saturday","date":"2026-09-05","status":"","open_time":"","close_time":"","session":"Afternoon","notes":"","active":"No","display_name":"Sand\nTrack"}},{"type":"Feature","geometry":{"type":"Polygon","coordinates":[[[-84.4372275,30.8370251],[-84.4373522,30.8364628],[-84.4373366,30.835887],[-84.4374146,30.8355522],[-84.4375862,30.8349229],[-84.4379136,30.8348518],[-84.4382879,30.8350125],[-84.438553,30.8353339],[-84.4385374,30.8358025],[-84.4383191,30.8367975],[-84.4379448,30.8371189],[-84.4372275,30.8370251]]]},"properties":{"track_name":"Sand Track","day_of_week":"Saturday","date":"2026-09-05","status":"","open_time":"","close_time":"","session":"Evening","notes":"","active":"No","display_name":"Sand\nTrack"}},{"type":"Feature","geometry":{"type":"Polygon","coordinates":[[[-84.4397382,30.8355347],[-84.4401749,30.8355213],[-84.4402749,30.8364069],[-84.4397538,30.8363515],[-84.4397382,30.8355347]]]},"properties":{"track_name":"Drills Track","day_of_week":"Saturday","date":"2026-09-05","status":"","open_time":"","close_time":"","session":"Morning","notes":"","active":"No","display_name":"Drills\nTrack"}},{"type":"Feature","geometry":{"type":"Polygon","coordinates":[[[-84.4397382,30.8355347],[-84.4401749,30.8355213],[-84.4402749,30.8364069],[-84.4397538,30.8363515],[-84.4397382,30.8355347]]]},"properties":{"track_name":"Drills Track","day_of_week":"Saturday","date":"2026-09-05","status":"","open_time":"","close_time":"","session":"Afternoon","notes":"","active":"No","display_name":"Drills\nTrack"}},{"type":"Feature","geometry":{"type":"Polygon","coordinates":[[[-84.4397382,30.8355347],[-84.4401749,30.8355213],[-84.4402749,30.8364069],[-84.4397538,30.8363515],[-84.4397382,30.8355347]]]},"properties":{"track_name":"Drills Track","day_of_week":"Saturday","date":"2026-09-05","status":"","open_time":"","close_time":"","session":"Evening","notes":"","active":"No","display_name":"Drills\nTrack"}},{"type":"Feature","geometry":{"type":"Polygon","coordinates":[[[-84.4369523,30.8387197],[-84.4365408,30.8382057],[-84.4365408,30.8374206],[-84.4375695,30.8373814],[-84.4378666,30.8381701],[-84.4374094,30.8385823],[-84.4369523,30.8387197]]]},"properties":{"track_name":"Lower Turn Track","day_of_week":"Saturday","date":"2026-09-05","status":"","open_time":"","close_time":"","session":"Morning","notes":"","active":"No","display_name":"Lower\nTurn\nTrack"}},{"type":"Feature","geometry":{"type":"Polygon","coordinates":[[[-84.4369523,30.8387197],[-84.4365408,30.8382057],[-84.4365408,30.8374206],[-84.4375695,30.8373814],[-84.4378666,30.8381701],[-84.4374094,30.8385823],[-84.4369523,30.8387197]]]},"properties":{"track_name":"Lower Turn Track","day_of_week":"Saturday","date":"2026-09-05","status":"","open_time":"","close_time":"","session":"Afternoon","notes":"","active":"No","display_name":"Lower\nTurn\nTrack"}},{"type":"Feature","geometry":{"type":"Polygon","coordinates":[[[-84.4369523,30.8387197],[-84.4365408,30.8382057],[-84.4365408,30.8374206],[-84.4375695,30.8373814],[-84.4378666,30.8381701],[-84.4374094,30.8385823],[-84.4369523,30.8387197]]]},"properties":{"track_name":"Lower Turn Track","day_of_week":"Saturday","date":"2026-09-05","status":"","open_time":"","close_time":"","session":"Evening","notes":"","active":"No","display_name":"Lower\nTurn\nTrack"}},{"type":"Feature","geometry":{"type":"Polygon","coordinates":[[[-84.440356,30.8351075],[-84.4405692,30.8350836],[-84.4405878,30.8352189],[-84.4403839,30.8352587],[-84.440356,30.8351075]]]},"properties":{"track_name":"Gym","day_of_week":"Saturday","date":"2026-09-05","status":"","open_time":"","close_time":"","session":"Morning","notes":"","active":"No","display_name":"Gym"}},{"type":"Feature","geometry":{"type":"Polygon","coordinates":[[[-84.440356,30.8351075],[-84.4405692,30.8350836],[-84.4405878,30.8352189],[-84.4403839,30.8352587],[-84.440356,30.8351075]]]},"properties":{"track_name":"Gym","day_of_week":"Saturday","date":"2026-09-05","status":"","open_time":"","close_time":"","session":"Afternoon","notes":"","active":"No","display_name":"Gym"}},{"type":"Feature","geometry":{"type":"Polygon","coordinates":[[[-84.440356,30.8351075],[-84.4405692,30.8350836],[-84.4405878,30.8352189],[-84.4403839,30.8352587],[-84.440356,30.8351075]]]},"properties":{"track_name":"Gym","day_of_week":"Saturday","date":"2026-09-05","status":"","open_time":"","close_time":"","session":"Evening","notes":"","active":"No","display_name":"Gym"}},{"type":"Feature","geometry":{"type":"Polygon","coordinates":[[[-84.4409453,30.8384578],[-84.4404301,30.838219],[-84.4403668,30.8373717],[-84.4412469,30.8373488],[-84.4412904,30.8384081],[-84.4409453,30.8384578]]]},"properties":{"track_name":"Night Track / Vet Track","day_of_week":"Sunday","date":"2026-09-06","status":"","open_time":"","close_time":"","session":"Morning","notes":"","active":"No","display_name":"Night\nTrack\nVet\nTrack"}},{"type":"Feature","geometry":{"type":"Polygon","coordinates":[[[-84.4409453,30.8384578],[-84.4404301,30.838219],[-84.4403668,30.8373717],[-84.4412469,30.8373488],[-84.4412904,30.8384081],[-84.4409453,30.8384578]]]},"properties":{"track_name":"Night Track / Vet Track","day_of_week":"Sunday","date":"2026-09-06","status":"","open_time":"","close_time":"","session":"Afternoon","notes":"","active":"No","display_name":"Night\nTrack\nVet\nTrack"}},{"type":"Feature","geometry":{"type":"Polygon","coordinates":[[[-84.4409453,30.8384578],[-84.4404301,30.838219],[-84.4403668,30.8373717],[-84.4412469,30.8373488],[-84.4412904,30.8384081],[-84.4409453,30.8384578]]]},"properties":{"track_name":"Night Track / Vet Track","day_of_week":"Sunday","date":"2026-09-06","status":"","open_time":"","close_time":"","session":"Evening","notes":"","active":"No","display_name":"Night\nTrack\nVet\nTrack"}},{"type":"Feature","geometry":{"type":"Polygon","coordinates":[[[-84.4402749,30.8364069],[-84.4412349,30.8364187],[-84.4412469,30.8373488],[-84.44021685,30.83733603],[-84.44004073,30.83647645],[-84.4402749,30.8364069]]]},"properties":{"track_name":"Amateur Supercross Track","day_of_week":"Sunday","date":"2026-09-06","status":"","open_time":"","close_time":"","session":"Morning","notes":"","active":"No","display_name":"Amateur\nSupercross\nTrack"}},{"type":"Feature","geometry":{"type":"Polygon","coordinates":[[[-84.4402749,30.8364069],[-84.4412349,30.8364187],[-84.4412469,30.8373488],[-84.44021685,30.83733603],[-84.44004073,30.83647645],[-84.4402749,30.8364069]]]},"properties":{"track_name":"Amateur Supercross Track","day_of_week":"Sunday","date":"2026-09-06","status":"","open_time":"","close_time":"","session":"Afternoon","notes":"","active":"No","display_name":"Amateur\nSupercross\nTrack"}},{"type":"Feature","geometry":{"type":"Polygon","coordinates":[[[-84.4402749,30.8364069],[-84.4412349,30.8364187],[-84.4412469,30.8373488],[-84.44021685,30.83733603],[-84.44004073,30.83647645],[-84.4402749,30.8364069]]]},"properties":{"track_name":"Amateur Supercross Track","day_of_week":"Sunday","date":"2026-09-06","status":"","open_time":"","close_time":"","session":"Evening","notes":"","active":"No","display_name":"Amateur\nSupercross\nTrack"}},{"type":"Feature","geometry":{"type":"Polygon","coordinates":[[[-84.44111,30.8361674],[-84.441133,30.8360654],[-84.4412321,30.8354943],[-84.440814,30.8354136],[-84.4403742,30.8355287],[-84.4403329,30.836279],[-84.44111,30.8361674]]]},"properties":{"track_name":"Pro Supercross Track","day_of_week":"Sunday","date":"2026-09-06","status":"","open_time":"","close_time":"","session":"Morning","notes":"","active":"No","display_name":"Pro\nSupercross\nTrack"}},{"type":"Feature","geometry":{"type":"Polygon","coordinates":[[[-84.44111,30.8361674],[-84.441133,30.8360654],[-84.4412321,30.8354943],[-84.440814,30.8354136],[-84.4403742,30.8355287],[-84.4403329,30.836279],[-84.44111,30.8361674]]]},"properties":{"track_name":"Pro Supercross Track","day_of_week":"Sunday","date":"2026-09-06","status":"","open_time":"","close_time":"","session":"Afternoon","notes":"","active":"No","display_name":"Pro\nSupercross\nTrack"}},{"type":"Feature","geometry":{"type":"Polygon","coordinates":[[[-84.44111,30.8361674],[-84.441133,30.8360654],[-84.4412321,30.8354943],[-84.440814,30.8354136],[-84.4403742,30.8355287],[-84.4403329,30.836279],[-84.44111,30.8361674]]]},"properties":{"track_name":"Pro Supercross Track","day_of_week":"Sunday","date":"2026-09-06","status":"","open_time":"","close_time":"","session":"Evening","notes":"","active":"No","display_name":"Pro\nSupercross\nTrack"}},{"type":"Feature","geometry":{"type":"Polygon","coordinates":[[[-84.4397819,30.8410012],[-84.4392803,30.8412015],[-84.4390587,30.8412315],[-84.4385804,30.8406707],[-84.4380555,30.8401399],[-84.4376939,30.8396692],[-84.4374723,30.8392485],[-84.4376589,30.838918],[-84.4377522,30.8386476],[-84.4380438,30.8383571],[-84.4382188,30.8381869],[-84.4388254,30.8383872],[-84.4393736,30.8385374],[-84.4399102,30.8387277],[-84.4405051,30.8394388],[-84.4400968,30.8396992],[-84.4402018,30.8399195],[-84.4406567,30.8404503],[-84.4402485,30.8407208],[-84.4397819,30.8410012]]]},"properties":{"track_name":"National Motocross Track","day_of_week":"Sunday","date":"2026-09-06","status":"","open_time":"","close_time":"","session":"Morning","notes":"","active":"No","display_name":"National\nMotocross\nTrack"}},{"type":"Feature","geometry":{"type":"Polygon","coordinates":[[[-84.4397819,30.8410012],[-84.4392803,30.8412015],[-84.4390587,30.8412315],[-84.4385804,30.8406707],[-84.4380555,30.8401399],[-84.4376939,30.8396692],[-84.4374723,30.8392485],[-84.4376589,30.838918],[-84.4377522,30.8386476],[-84.4380438,30.8383571],[-84.4382188,30.8381869],[-84.4388254,30.8383872],[-84.4393736,30.8385374],[-84.4399102,30.8387277],[-84.4405051,30.8394388],[-84.4400968,30.8396992],[-84.4402018,30.8399195],[-84.4406567,30.8404503],[-84.4402485,30.8407208],[-84.4397819,30.8410012]]]},"properties":{"track_name":"National Motocross Track","day_of_week":"Sunday","date":"2026-09-06","status":"","open_time":"","close_time":"","session":"Afternoon","notes":"","active":"No","display_name":"National\nMotocross\nTrack"}},{"type":"Feature","geometry":{"type":"Polygon","coordinates":[[[-84.4397819,30.8410012],[-84.4392803,30.8412015],[-84.4390587,30.8412315],[-84.4385804,30.8406707],[-84.4380555,30.8401399],[-84.4376939,30.8396692],[-84.4374723,30.8392485],[-84.4376589,30.838918],[-84.4377522,30.8386476],[-84.4380438,30.8383571],[-84.4382188,30.8381869],[-84.4388254,30.8383872],[-84.4393736,30.8385374],[-84.4399102,30.8387277],[-84.4405051,30.8394388],[-84.4400968,30.8396992],[-84.4402018,30.8399195],[-84.4406567,30.8404503],[-84.4402485,30.8407208],[-84.4397819,30.8410012]]]},"properties":{"track_name":"National Motocross Track","day_of_week":"Sunday","date":"2026-09-06","status":"","open_time":"","close_time":"","session":"Evening","notes":"","active":"No","display_name":"National\nMotocross\nTrack"}},{"type":"Feature","geometry":{"type":"Polygon","coordinates":[[[-84.4372275,30.8370251],[-84.4373522,30.8364628],[-84.4373366,30.835887],[-84.4374146,30.8355522],[-84.4375862,30.8349229],[-84.4379136,30.8348518],[-84.4382879,30.8350125],[-84.438553,30.8353339],[-84.4385374,30.8358025],[-84.4383191,30.8367975],[-84.4379448,30.8371189],[-84.4372275,30.8370251]]]},"properties":{"track_name":"Sand Track","day_of_week":"Sunday","date":"2026-09-06","status":"","open_time":"","close_time":"","session":"Morning","notes":"","active":"No","display_name":"Sand\nTrack"}},{"type":"Feature","geometry":{"type":"Polygon","coordinates":[[[-84.4372275,30.8370251],[-84.4373522,30.8364628],[-84.4373366,30.835887],[-84.4374146,30.8355522],[-84.4375862,30.8349229],[-84.4379136,30.8348518],[-84.4382879,30.8350125],[-84.438553,30.8353339],[-84.4385374,30.8358025],[-84.4383191,30.8367975],[-84.4379448,30.8371189],[-84.4372275,30.8370251]]]},"properties":{"track_name":"Sand Track","day_of_week":"Sunday","date":"2026-09-06","status":"","open_time":"","close_time":"","session":"Afternoon","notes":"","active":"No","display_name":"Sand\nTrack"}},{"type":"Feature","geometry":{"type":"Polygon","coordinates":[[[-84.4372275,30.8370251],[-84.4373522,30.8364628],[-84.4373366,30.835887],[-84.4374146,30.8355522],[-84.4375862,30.8349229],[-84.4379136,30.8348518],[-84.4382879,30.8350125],[-84.438553,30.8353339],[-84.4385374,30.8358025],[-84.4383191,30.8367975],[-84.4379448,30.8371189],[-84.4372275,30.8370251]]]},"properties":{"track_name":"Sand Track","day_of_week":"Sunday","date":"2026-09-06","status":"","open_time":"","close_time":"","session":"Evening","notes":"","active":"No","display_name":"Sand\nTrack"}},{"type":"Feature","geometry":{"type":"Polygon","coordinates":[[[-84.4397382,30.8355347],[-84.4401749,30.8355213],[-84.4402749,30.8364069],[-84.4397538,30.8363515],[-84.4397382,30.8355347]]]},"properties":{"track_name":"Drills Track","day_of_week":"Sunday","date":"2026-09-06","status":"","open_time":"","close_time":"","session":"Morning","notes":"","active":"No","display_name":"Drills\nTrack"}},{"type":"Feature","geometry":{"type":"Polygon","coordinates":[[[-84.4397382,30.8355347],[-84.4401749,30.8355213],[-84.4402749,30.8364069],[-84.4397538,30.8363515],[-84.4397382,30.8355347]]]},"properties":{"track_name":"Drills Track","day_of_week":"Sunday","date":"2026-09-06","status":"","open_time":"","close_time":"","session":"Afternoon","notes":"","active":"No","display_name":"Drills\nTrack"}},{"type":"Feature","geometry":{"type":"Polygon","coordinates":[[[-84.4397382,30.8355347],[-84.4401749,30.8355213],[-84.4402749,30.8364069],[-84.4397538,30.8363515],[-84.4397382,30.8355347]]]},"properties":{"track_name":"Drills Track","day_of_week":"Sunday","date":"2026-09-06","status":"","open_time":"","close_time":"","session":"Evening","notes":"","active":"No","display_name":"Drills\nTrack"}},{"type":"Feature","geometry":{"type":"Polygon","coordinates":[[[-84.4369523,30.8387197],[-84.4365408,30.8382057],[-84.4365408,30.8374206],[-84.4375695,30.8373814],[-84.4378666,30.8381701],[-84.4374094,30.8385823],[-84.4369523,30.8387197]]]},"properties":{"track_name":"Lower Turn Track","day_of_week":"Sunday","date":"2026-09-06","status":"","open_time":"","close_time":"","session":"Morning","notes":"","active":"No","display_name":"Lower\nTurn\nTrack"}},{"type":"Feature","geometry":{"type":"Polygon","coordinates":[[[-84.4369523,30.8387197],[-84.4365408,30.8382057],[-84.4365408,30.8374206],[-84.4375695,30.8373814],[-84.4378666,30.8381701],[-84.4374094,30.8385823],[-84.4369523,30.8387197]]]},"properties":{"track_name":"Lower Turn Track","day_of_week":"Sunday","date":"2026-09-06","status":"","open_time":"","close_time":"","session":"Afternoon","notes":"","active":"No","display_name":"Lower\nTurn\nTrack"}},{"type":"Feature","geometry":{"type":"Polygon","coordinates":[[[-84.4369523,30.8387197],[-84.4365408,30.8382057],[-84.4365408,30.8374206],[-84.4375695,30.8373814],[-84.4378666,30.8381701],[-84.4374094,30.8385823],[-84.4369523,30.8387197]]]},"properties":{"track_name":"Lower Turn Track","day_of_week":"Sunday","date":"2026-09-06","status":"","open_time":"","close_time":"","session":"Evening","notes":"","active":"No","display_name":"Lower\nTurn\nTrack"}},{"type":"Feature","geometry":{"type":"Polygon","coordinates":[[[-84.440356,30.8351075],[-84.4405692,30.8350836],[-84.4405878,30.8352189],[-84.4403839,30.8352587],[-84.440356,30.8351075]]]},"properties":{"track_name":"Gym","day_of_week":"Sunday","date":"2026-09-06","status":"","open_time":"","close_time":"","session":"Morning","notes":"","active":"No","display_name":"Gym"}},{"type":"Feature","geometry":{"type":"Polygon","coordinates":[[[-84.440356,30.8351075],[-84.4405692,30.8350836],[-84.4405878,30.8352189],[-84.4403839,30.8352587],[-84.440356,30.8351075]]]},"properties":{"track_name":"Gym","day_of_week":"Sunday","date":"2026-09-06","status":"","open_time":"","close_time":"","session":"Afternoon","notes":"","active":"No","display_name":"Gym"}},{"type":"Feature","geometry":{"type":"Polygon","coordinates":[[[-84.440356,30.8351075],[-84.4405692,30.8350836],[-84.4405878,30.8352189],[-84.4403839,30.8352587],[-84.440356,30.8351075]]]},"properties":{"track_name":"Gym","day_of_week":"Sunday","date":"2026-09-06","status":"","open_time":"","close_time":"","session":"Evening","notes":"","active":"No","display_name":"Gym"}},{"type":"Feature","geometry":{"type":"Polygon","coordinates":[[[-84.4409453,30.8384578],[-84.4404301,30.838219],[-84.4403668,30.8373717],[-84.4412469,30.8373488],[-84.4412904,30.8384081],[-84.4409453,30.8384578]]]},"properties":{"track_name":"Night Track / Vet Track","day_of_week":"Monday","date":"2026-09-07","status":"","open_time":"","close_time":"","session":"Morning","notes":"","active":"No","display_name":"Night\nTrack\nVet\nTrack"}},{"type":"Feature","geometry":{"type":"Polygon","coordinates":[[[-84.4409453,30.8384578],[-84.4404301,30.838219],[-84.4403668,30.8373717],[-84.4412469,30.8373488],[-84.4412904,30.8384081],[-84.4409453,30.8384578]]]},"properties":{"track_name":"Night Track / Vet Track","day_of_week":"Monday","date":"2026-09-07","status":"","open_time":"","close_time":"","session":"Afternoon","notes":"","active":"No","display_name":"Night\nTrack\nVet\nTrack"}},{"type":"Feature","geometry":{"type":"Polygon","coordinates":[[[-84.4409453,30.8384578],[-84.4404301,30.838219],[-84.4403668,30.8373717],[-84.4412469,30.8373488],[-84.4412904,30.8384081],[-84.4409453,30.8384578]]]},"properties":{"track_name":"Night Track / Vet Track","day_of_week":"Monday","date":"2026-09-07","status":"","open_time":"","close_time":"","session":"Evening","notes":"","active":"No","display_name":"Night\nTrack\nVet\nTrack"}},{"type":"Feature","geometry":{"type":"Polygon","coordinates":[[[-84.4402749,30.8364069],[-84.4412349,30.8364187],[-84.4412469,30.8373488],[-84.44021685,30.83733603],[-84.44004073,30.83647645],[-84.4402749,30.8364069]]]},"properties":{"track_name":"Amateur Supercross Track","day_of_week":"Monday","date":"2026-09-07","status":"","open_time":"","close_time":"","session":"Morning","notes":"","active":"No","display_name":"Amateur\nSupercross\nTrack"}},{"type":"Feature","geometry":{"type":"Polygon","coordinates":[[[-84.4402749,30.8364069],[-84.4412349,30.8364187],[-84.4412469,30.8373488],[-84.44021685,30.83733603],[-84.44004073,30.83647645],[-84.4402749,30.8364069]]]},"properties":{"track_name":"Amateur Supercross Track","day_of_week":"Monday","date":"2026-09-07","status":"","open_time":"","close_time":"","session":"Afternoon","notes":"","active":"No","display_name":"Amateur\nSupercross\nTrack"}},{"type":"Feature","geometry":{"type":"Polygon","coordinates":[[[-84.4402749,30.8364069],[-84.4412349,30.8364187],[-84.4412469,30.8373488],[-84.44021685,30.83733603],[-84.44004073,30.83647645],[-84.4402749,30.8364069]]]},"properties":{"track_name":"Amateur Supercross Track","day_of_week":"Monday","date":"2026-09-07","status":"","open_time":"","close_time":"","session":"Evening","notes":"","active":"No","display_name":"Amateur\nSupercross\nTrack"}},{"type":"Feature","geometry":{"type":"Polygon","coordinates":[[[-84.44111,30.8361674],[-84.441133,30.8360654],[-84.4412321,30.8354943],[-84.440814,30.8354136],[-84.4403742,30.8355287],[-84.4403329,30.836279],[-84.44111,30.8361674]]]},"properties":{"track_name":"Pro Supercross Track","day_of_week":"Monday","date":"2026-09-07","status":"","open_time":"","close_time":"","session":"Morning","notes":"","active":"No","display_name":"Pro\nSupercross\nTrack"}},{"type":"Feature","geometry":{"type":"Polygon","coordinates":[[[-84.44111,30.8361674],[-84.441133,30.8360654],[-84.4412321,30.8354943],[-84.440814,30.8354136],[-84.4403742,30.8355287],[-84.4403329,30.836279],[-84.44111,30.8361674]]]},"properties":{"track_name":"Pro Supercross Track","day_of_week":"Monday","date":"2026-09-07","status":"","open_time":"","close_time":"","session":"Afternoon","notes":"","active":"No","display_name":"Pro\nSupercross\nTrack"}},{"type":"Feature","geometry":{"type":"Polygon","coordinates":[[[-84.44111,30.8361674],[-84.441133,30.8360654],[-84.4412321,30.8354943],[-84.440814,30.8354136],[-84.4403742,30.8355287],[-84.4403329,30.836279],[-84.44111,30.8361674]]]},"properties":{"track_name":"Pro Supercross Track","day_of_week":"Monday","date":"2026-09-07","status":"","open_time":"","close_time":"","session":"Evening","notes":"","active":"No","display_name":"Pro\nSupercross\nTrack"}},{"type":"Feature","geometry":{"type":"Polygon","coordinates":[[[-84.4397819,30.8410012],[-84.4392803,30.8412015],[-84.4390587,30.8412315],[-84.4385804,30.8406707],[-84.4380555,30.8401399],[-84.4376939,30.8396692],[-84.4374723,30.8392485],[-84.4376589,30.838918],[-84.4377522,30.8386476],[-84.4380438,30.8383571],[-84.4382188,30.8381869],[-84.4388254,30.8383872],[-84.4393736,30.8385374],[-84.4399102,30.8387277],[-84.4405051,30.8394388],[-84.4400968,30.8396992],[-84.4402018,30.8399195],[-84.4406567,30.8404503],[-84.4402485,30.8407208],[-84.4397819,30.8410012]]]},"properties":{"track_name":"National Motocross Track","day_of_week":"Monday","date":"2026-09-07","status":"","open_time":"","close_time":"","session":"Morning","notes":"","active":"No","display_name":"National\nMotocross\nTrack"}},{"type":"Feature","geometry":{"type":"Polygon","coordinates":[[[-84.4397819,30.8410012],[-84.4392803,30.8412015],[-84.4390587,30.8412315],[-84.4385804,30.8406707],[-84.4380555,30.8401399],[-84.4376939,30.8396692],[-84.4374723,30.8392485],[-84.4376589,30.838918],[-84.4377522,30.8386476],[-84.4380438,30.8383571],[-84.4382188,30.8381869],[-84.4388254,30.8383872],[-84.4393736,30.8385374],[-84.4399102,30.8387277],[-84.4405051,30.8394388],[-84.4400968,30.8396992],[-84.4402018,30.8399195],[-84.4406567,30.8404503],[-84.4402485,30.8407208],[-84.4397819,30.8410012]]]},"properties":{"track_name":"National Motocross Track","day_of_week":"Monday","date":"2026-09-07","status":"","open_time":"","close_time":"","session":"Afternoon","notes":"","active":"No","display_name":"National\nMotocross\nTrack"}},{"type":"Feature","geometry":{"type":"Polygon","coordinates":[[[-84.4397819,30.8410012],[-84.4392803,30.8412015],[-84.4390587,30.8412315],[-84.4385804,30.8406707],[-84.4380555,30.8401399],[-84.4376939,30.8396692],[-84.4374723,30.8392485],[-84.4376589,30.838918],[-84.4377522,30.8386476],[-84.4380438,30.8383571],[-84.4382188,30.8381869],[-84.4388254,30.8383872],[-84.4393736,30.8385374],[-84.4399102,30.8387277],[-84.4405051,30.8394388],[-84.4400968,30.8396992],[-84.4402018,30.8399195],[-84.4406567,30.8404503],[-84.4402485,30.8407208],[-84.4397819,30.8410012]]]},"properties":{"track_name":"National Motocross Track","day_of_week":"Monday","date":"2026-09-07","status":"","open_time":"","close_time":"","session":"Evening","notes":"","active":"No","display_name":"National\nMotocross\nTrack"}},{"type":"Feature","geometry":{"type":"Polygon","coordinates":[[[-84.4372275,30.8370251],[-84.4373522,30.8364628],[-84.4373366,30.835887],[-84.4374146,30.8355522],[-84.4375862,30.8349229],[-84.4379136,30.8348518],[-84.4382879,30.8350125],[-84.438553,30.8353339],[-84.4385374,30.8358025],[-84.4383191,30.8367975],[-84.4379448,30.8371189],[-84.4372275,30.8370251]]]},"properties":{"track_name":"Sand Track","day_of_week":"Monday","date":"2026-09-07","status":"","open_time":"","close_time":"","session":"Morning","notes":"","active":"No","display_name":"Sand\nTrack"}},{"type":"Feature","geometry":{"type":"Polygon","coordinates":[[[-84.4372275,30.8370251],[-84.4373522,30.8364628],[-84.4373366,30.835887],[-84.4374146,30.8355522],[-84.4375862,30.8349229],[-84.4379136,30.8348518],[-84.4382879,30.8350125],[-84.438553,30.8353339],[-84.4385374,30.8358025],[-84.4383191,30.8367975],[-84.4379448,30.8371189],[-84.4372275,30.8370251]]]},"properties":{"track_name":"Sand Track","day_of_week":"Monday","date":"2026-09-07","status":"","open_time":"","close_time":"","session":"Afternoon","notes":"","active":"No","display_name":"Sand\nTrack"}},{"type":"Feature","geometry":{"type":"Polygon","coordinates":[[[-84.4372275,30.8370251],[-84.4373522,30.8364628],[-84.4373366,30.835887],[-84.4374146,30.8355522],[-84.4375862,30.8349229],[-84.4379136,30.8348518],[-84.4382879,30.8350125],[-84.438553,30.8353339],[-84.4385374,30.8358025],[-84.4383191,30.8367975],[-84.4379448,30.8371189],[-84.4372275,30.8370251]]]},"properties":{"track_name":"Sand Track","day_of_week":"Monday","date":"2026-09-07","status":"","open_time":"","close_time":"","session":"Evening","notes":"","active":"No","display_name":"Sand\nTrack"}},{"type":"Feature","geometry":{"type":"Polygon","coordinates":[[[-84.4397382,30.8355347],[-84.4401749,30.8355213],[-84.4402749,30.8364069],[-84.4397538,30.8363515],[-84.4397382,30.8355347]]]},"properties":{"track_name":"Drills Track","day_of_week":"Monday","date":"2026-09-07","status":"","open_time":"","close_time":"","session":"Morning","notes":"","active":"No","display_name":"Drills\nTrack"}},{"type":"Feature","geometry":{"type":"Polygon","coordinates":[[[-84.4397382,30.8355347],[-84.4401749,30.8355213],[-84.4402749,30.8364069],[-84.4397538,30.8363515],[-84.4397382,30.8355347]]]},"properties":{"track_name":"Drills Track","day_of_week":"Monday","date":"2026-09-07","status":"","open_time":"","close_time":"","session":"Afternoon","notes":"","active":"No","display_name":"Drills\nTrack"}},{"type":"Feature","geometry":{"type":"Polygon","coordinates":[[[-84.4397382,30.8355347],[-84.4401749,30.8355213],[-84.4402749,30.8364069],[-84.4397538,30.8363515],[-84.4397382,30.8355347]]]},"properties":{"track_name":"Drills Track","day_of_week":"Monday","date":"2026-09-07","status":"","open_time":"","close_time":"","session":"Evening","notes":"","active":"No","display_name":"Drills\nTrack"}},{"type":"Feature","geometry":{"type":"Polygon","coordinates":[[[-84.4369523,30.8387197],[-84.4365408,30.8382057],[-84.4365408,30.8374206],[-84.4375695,30.8373814],[-84.4378666,30.8381701],[-84.4374094,30.8385823],[-84.4369523,30.8387197]]]},"properties":{"track_name":"Lower Turn Track","day_of_week":"Monday","date":"2026-09-07","status":"","open_time":"","close_time":"","session":"Morning","notes":"","active":"No","display_name":"Lower\nTurn\nTrack"}},{"type":"Feature","geometry":{"type":"Polygon","coordinates":[[[-84.4369523,30.8387197],[-84.4365408,30.8382057],[-84.4365408,30.8374206],[-84.4375695,30.8373814],[-84.4378666,30.8381701],[-84.4374094,30.8385823],[-84.4369523,30.8387197]]]},"properties":{"track_name":"Lower Turn Track","day_of_week":"Monday","date":"2026-09-07","status":"","open_time":"","close_time":"","session":"Afternoon","notes":"","active":"No","display_name":"Lower\nTurn\nTrack"}},{"type":"Feature","geometry":{"type":"Polygon","coordinates":[[[-84.4369523,30.8387197],[-84.4365408,30.8382057],[-84.4365408,30.8374206],[-84.4375695,30.8373814],[-84.4378666,30.8381701],[-84.4374094,30.8385823],[-84.4369523,30.8387197]]]},"properties":{"track_name":"Lower Turn Track","day_of_week":"Monday","date":"2026-09-07","status":"","open_time":"","close_time":"","session":"Evening","notes":"","active":"No","display_name":"Lower\nTurn\nTrack"}},{"type":"Feature","geometry":{"type":"Polygon","coordinates":[[[-84.440356,30.8351075],[-84.4405692,30.8350836],[-84.4405878,30.8352189],[-84.4403839,30.8352587],[-84.440356,30.8351075]]]},"properties":{"track_name":"Gym","day_of_week":"Monday","date":"2026-09-07","status":"","open_time":"","close_time":"","session":"Morning","notes":"","active":"No","display_name":"Gym"}},{"type":"Feature","geometry":{"type":"Polygon","coordinates":[[[-84.440356,30.8351075],[-84.4405692,30.8350836],[-84.4405878,30.8352189],[-84.4403839,30.8352587],[-84.440356,30.8351075]]]},"properties":{"track_name":"Gym","day_of_week":"Monday","date":"2026-09-07","status":"","open_time":"","close_time":"","session":"Afternoon","notes":"","active":"No","display_name":"Gym"}},{"type":"Feature","geometry":{"type":"Polygon","coordinates":[[[-84.440356,30.8351075],[-84.4405692,30.8350836],[-84.4405878,30.8352189],[-84.4403839,30.8352587],[-84.440356,30.8351075]]]},"properties":{"track_name":"Gym","day_of_week":"Monday","date":"2026-09-07","status":"","open_time":"","close_time":"","session":"Evening","notes":"","active":"No","display_name":"Gym"}},{"type":"Feature","geometry":{"type":"Polygon","coordinates":[[[-84.4409453,30.8384578],[-84.4404301,30.838219],[-84.4403668,30.8373717],[-84.4412469,30.8373488],[-84.4412904,30.8384081],[-84.4409453,30.8384578]]]},"properties":{"track_name":"Night Track / Vet Track","day_of_week":"Tuesday","date":"2026-09-08","status":"","open_time":"","close_time":"","session":"Morning","notes":"","active":"No","display_name":"Night\nTrack\nVet\nTrack"}},{"type":"Feature","geometry":{"type":"Polygon","coordinates":[[[-84.4409453,30.8384578],[-84.4404301,30.838219],[-84.4403668,30.8373717],[-84.4412469,30.8373488],[-84.4412904,30.8384081],[-84.4409453,30.8384578]]]},"properties":{"track_name":"Night Track / Vet Track","day_of_week":"Tuesday","date":"2026-09-08","status":"","open_time":"","close_time":"","session":"Afternoon","notes":"","active":"No","display_name":"Night\nTrack\nVet\nTrack"}},{"type":"Feature","geometry":{"type":"Polygon","coordinates":[[[-84.4409453,30.8384578],[-84.4404301,30.838219],[-84.4403668,30.8373717],[-84.4412469,30.8373488],[-84.4412904,30.8384081],[-84.4409453,30.8384578]]]},"properties":{"track_name":"Night Track / Vet Track","day_of_week":"Tuesday","date":"2026-09-08","status":"","open_time":"","close_time":"","session":"Evening","notes":"","active":"No","display_name":"Night\nTrack\nVet\nTrack"}},{"type":"Feature","geometry":{"type":"Polygon","coordinates":[[[-84.4402749,30.8364069],[-84.4412349,30.8364187],[-84.4412469,30.8373488],[-84.44021685,30.83733603],[-84.44004073,30.83647645],[-84.4402749,30.8364069]]]},"properties":{"track_name":"Amateur Supercross Track","day_of_week":"Tuesday","date":"2026-09-08","status":"","open_time":"","close_time":"","session":"Morning","notes":"","active":"No","display_name":"Amateur\nSupercross\nTrack"}},{"type":"Feature","geometry":{"type":"Polygon","coordinates":[[[-84.4402749,30.8364069],[-84.4412349,30.8364187],[-84.4412469,30.8373488],[-84.44021685,30.83733603],[-84.44004073,30.83647645],[-84.4402749,30.8364069]]]},"properties":{"track_name":"Amateur Supercross Track","day_of_week":"Tuesday","date":"2026-09-08","status":"","open_time":"","close_time":"","session":"Afternoon","notes":"","active":"No","display_name":"Amateur\nSupercross\nTrack"}},{"type":"Feature","geometry":{"type":"Polygon","coordinates":[[[-84.4402749,30.8364069],[-84.4412349,30.8364187],[-84.4412469,30.8373488],[-84.44021685,30.83733603],[-84.44004073,30.83647645],[-84.4402749,30.8364069]]]},"properties":{"track_name":"Amateur Supercross Track","day_of_week":"Tuesday","date":"2026-09-08","status":"","open_time":"","close_time":"","session":"Evening","notes":"","active":"No","display_name":"Amateur\nSupercross\nTrack"}},{"type":"Feature","geometry":{"type":"Polygon","coordinates":[[[-84.44111,30.8361674],[-84.441133,30.8360654],[-84.4412321,30.8354943],[-84.440814,30.8354136],[-84.4403742,30.8355287],[-84.4403329,30.836279],[-84.44111,30.8361674]]]},"properties":{"track_name":"Pro Supercross Track","day_of_week":"Tuesday","date":"2026-09-08","status":"","open_time":"","close_time":"","session":"Morning","notes":"","active":"No","display_name":"Pro\nSupercross\nTrack"}},{"type":"Feature","geometry":{"type":"Polygon","coordinates":[[[-84.44111,30.8361674],[-84.441133,30.8360654],[-84.4412321,30.8354943],[-84.440814,30.8354136],[-84.4403742,30.8355287],[-84.4403329,30.836279],[-84.44111,30.8361674]]]},"properties":{"track_name":"Pro Supercross Track","day_of_week":"Tuesday","date":"2026-09-08","status":"","open_time":"","close_time":"","session":"Afternoon","notes":"","active":"No","display_name":"Pro\nSupercross\nTrack"}},{"type":"Feature","geometry":{"type":"Polygon","coordinates":[[[-84.44111,30.8361674],[-84.441133,30.8360654],[-84.4412321,30.8354943],[-84.440814,30.8354136],[-84.4403742,30.8355287],[-84.4403329,30.836279],[-84.44111,30.8361674]]]},"properties":{"track_name":"Pro Supercross Track","day_of_week":"Tuesday","date":"2026-09-08","status":"","open_time":"","close_time":"","session":"Evening","notes":"","active":"No","display_name":"Pro\nSupercross\nTrack"}},{"type":"Feature","geometry":{"type":"Polygon","coordinates":[[[-84.4397819,30.8410012],[-84.4392803,30.8412015],[-84.4390587,30.8412315],[-84.4385804,30.8406707],[-84.4380555,30.8401399],[-84.4376939,30.8396692],[-84.4374723,30.8392485],[-84.4376589,30.838918],[-84.4377522,30.8386476],[-84.4380438,30.8383571],[-84.4382188,30.8381869],[-84.4388254,30.8383872],[-84.4393736,30.8385374],[-84.4399102,30.8387277],[-84.4405051,30.8394388],[-84.4400968,30.8396992],[-84.4402018,30.8399195],[-84.4406567,30.8404503],[-84.4402485,30.8407208],[-84.4397819,30.8410012]]]},"properties":{"track_name":"National Motocross Track","day_of_week":"Tuesday","date":"2026-09-08","status":"","open_time":"","close_time":"","session":"Morning","notes":"","active":"No","display_name":"National\nMotocross\nTrack"}},{"type":"Feature","geometry":{"type":"Polygon","coordinates":[[[-84.4397819,30.8410012],[-84.4392803,30.8412015],[-84.4390587,30.8412315],[-84.4385804,30.8406707],[-84.4380555,30.8401399],[-84.4376939,30.8396692],[-84.4374723,30.8392485],[-84.4376589,30.838918],[-84.4377522,30.8386476],[-84.4380438,30.8383571],[-84.4382188,30.8381869],[-84.4388254,30.8383872],[-84.4393736,30.8385374],[-84.4399102,30.8387277],[-84.4405051,30.8394388],[-84.4400968,30.8396992],[-84.4402018,30.8399195],[-84.4406567,30.8404503],[-84.4402485,30.8407208],[-84.4397819,30.8410012]]]},"properties":{"track_name":"National Motocross Track","day_of_week":"Tuesday","date":"2026-09-08","status":"","open_time":"","close_time":"","session":"Afternoon","notes":"","active":"No","display_name":"National\nMotocross\nTrack"}},{"type":"Feature","geometry":{"type":"Polygon","coordinates":[[[-84.4397819,30.8410012],[-84.4392803,30.8412015],[-84.4390587,30.8412315],[-84.4385804,30.8406707],[-84.4380555,30.8401399],[-84.4376939,30.8396692],[-84.4374723,30.8392485],[-84.4376589,30.838918],[-84.4377522,30.8386476],[-84.4380438,30.8383571],[-84.4382188,30.8381869],[-84.4388254,30.8383872],[-84.4393736,30.8385374],[-84.4399102,30.8387277],[-84.4405051,30.8394388],[-84.4400968,30.8396992],[-84.4402018,30.8399195],[-84.4406567,30.8404503],[-84.4402485,30.8407208],[-84.4397819,30.8410012]]]},"properties":{"track_name":"National Motocross Track","day_of_week":"Tuesday","date":"2026-09-08","status":"","open_time":"","close_time":"","session":"Evening","notes":"","active":"No","display_name":"National\nMotocross\nTrack"}},{"type":"Feature","geometry":{"type":"Polygon","coordinates":[[[-84.4372275,30.8370251],[-84.4373522,30.8364628],[-84.4373366,30.835887],[-84.4374146,30.8355522],[-84.4375862,30.8349229],[-84.4379136,30.8348518],[-84.4382879,30.8350125],[-84.438553,30.8353339],[-84.4385374,30.8358025],[-84.4383191,30.8367975],[-84.4379448,30.8371189],[-84.4372275,30.8370251]]]},"properties":{"track_name":"Sand Track","day_of_week":"Tuesday","date":"2026-09-08","status":"","open_time":"","close_time":"","session":"Morning","notes":"","active":"No","display_name":"Sand\nTrack"}},{"type":"Feature","geometry":{"type":"Polygon","coordinates":[[[-84.4372275,30.8370251],[-84.4373522,30.8364628],[-84.4373366,30.835887],[-84.4374146,30.8355522],[-84.4375862,30.8349229],[-84.4379136,30.8348518],[-84.4382879,30.8350125],[-84.438553,30.8353339],[-84.4385374,30.8358025],[-84.4383191,30.8367975],[-84.4379448,30.8371189],[-84.4372275,30.8370251]]]},"properties":{"track_name":"Sand Track","day_of_week":"Tuesday","date":"2026-09-08","status":"","open_time":"","close_time":"","session":"Afternoon","notes":"","active":"No","display_name":"Sand\nTrack"}},{"type":"Feature","geometry":{"type":"Polygon","coordinates":[[[-84.4372275,30.8370251],[-84.4373522,30.8364628],[-84.4373366,30.835887],[-84.4374146,30.8355522],[-84.4375862,30.8349229],[-84.4379136,30.8348518],[-84.4382879,30.8350125],[-84.438553,30.8353339],[-84.4385374,30.8358025],[-84.4383191,30.8367975],[-84.4379448,30.8371189],[-84.4372275,30.8370251]]]},"properties":{"track_name":"Sand Track","day_of_week":"Tuesday","date":"2026-09-08","status":"","open_time":"","close_time":"","session":"Evening","notes":"","active":"No","display_name":"Sand\nTrack"}},{"type":"Feature","geometry":{"type":"Polygon","coordinates":[[[-84.4397382,30.8355347],[-84.4401749,30.8355213],[-84.4402749,30.8364069],[-84.4397538,30.8363515],[-84.4397382,30.8355347]]]},"properties":{"track_name":"Drills Track","day_of_week":"Tuesday","date":"2026-09-08","status":"","open_time":"","close_time":"","session":"Morning","notes":"","active":"No","display_name":"Drills\nTrack"}},{"type":"Feature","geometry":{"type":"Polygon","coordinates":[[[-84.4397382,30.8355347],[-84.4401749,30.8355213],[-84.4402749,30.8364069],[-84.4397538,30.8363515],[-84.4397382,30.8355347]]]},"properties":{"track_name":"Drills Track","day_of_week":"Tuesday","date":"2026-09-08","status":"","open_time":"","close_time":"","session":"Afternoon","notes":"","active":"No","display_name":"Drills\nTrack"}},{"type":"Feature","geometry":{"type":"Polygon","coordinates":[[[-84.4397382,30.8355347],[-84.4401749,30.8355213],[-84.4402749,30.8364069],[-84.4397538,30.8363515],[-84.4397382,30.8355347]]]},"properties":{"track_name":"Drills Track","day_of_week":"Tuesday","date":"2026-09-08","status":"","open_time":"","close_time":"","session":"Evening","notes":"","active":"No","display_name":"Drills\nTrack"}},{"type":"Feature","geometry":{"type":"Polygon","coordinates":[[[-84.4369523,30.8387197],[-84.4365408,30.8382057],[-84.4365408,30.8374206],[-84.4375695,30.8373814],[-84.4378666,30.8381701],[-84.4374094,30.8385823],[-84.4369523,30.8387197]]]},"properties":{"track_name":"Lower Turn Track","day_of_week":"Tuesday","date":"2026-09-08","status":"","open_time":"","close_time":"","session":"Morning","notes":"","active":"No","display_name":"Lower\nTurn\nTrack"}},{"type":"Feature","geometry":{"type":"Polygon","coordinates":[[[-84.4369523,30.8387197],[-84.4365408,30.8382057],[-84.4365408,30.8374206],[-84.4375695,30.8373814],[-84.4378666,30.8381701],[-84.4374094,30.8385823],[-84.4369523,30.8387197]]]},"properties":{"track_name":"Lower Turn Track","day_of_week":"Tuesday","date":"2026-09-08","status":"","open_time":"","close_time":"","session":"Afternoon","notes":"","active":"No","display_name":"Lower\nTurn\nTrack"}},{"type":"Feature","geometry":{"type":"Polygon","coordinates":[[[-84.4369523,30.8387197],[-84.4365408,30.8382057],[-84.4365408,30.8374206],[-84.4375695,30.8373814],[-84.4378666,30.8381701],[-84.4374094,30.8385823],[-84.4369523,30.8387197]]]},"properties":{"track_name":"Lower Turn Track","day_of_week":"Tuesday","date":"2026-09-08","status":"","open_time":"","close_time":"","session":"Evening","notes":"","active":"No","display_name":"Lower\nTurn\nTrack"}},{"type":"Feature","geometry":{"type":"Polygon","coordinates":[[[-84.440356,30.8351075],[-84.4405692,30.8350836],[-84.4405878,30.8352189],[-84.4403839,30.8352587],[-84.440356,30.8351075]]]},"properties":{"track_name":"Gym","day_of_week":"Tuesday","date":"2026-09-08","status":"","open_time":"","close_time":"","session":"Morning","notes":"","active":"No","display_name":"Gym"}},{"type":"Feature","geometry":{"type":"Polygon","coordinates":[[[-84.440356,30.8351075],[-84.4405692,30.8350836],[-84.4405878,30.8352189],[-84.4403839,30.8352587],[-84.440356,30.8351075]]]},"properties":{"track_name":"Gym","day_of_week":"Tuesday","date":"2026-09-08","status":"","open_time":"","close_time":"","session":"Afternoon","notes":"","active":"No","display_name":"Gym"}},{"type":"Feature","geometry":{"type":"Polygon","coordinates":[[[-84.440356,30.8351075],[-84.4405692,30.8350836],[-84.4405878,30.8352189],[-84.4403839,30.8352587],[-84.440356,30.8351075]]]},"properties":{"track_name":"Gym","day_of_week":"Tuesday","date":"2026-09-08","status":"","open_time":"","close_time":"","session":"Evening","notes":"","active":"No","display_name":"Gym"}},{"type":"Feature","geometry":{"type":"Polygon","coordinates":[[[-84.4409453,30.8384578],[-84.4404301,30.838219],[-84.4403668,30.8373717],[-84.4412469,30.8373488],[-84.4412904,30.8384081],[-84.4409453,30.8384578]]]},"properties":{"track_name":"Night Track / Vet Track","day_of_week":"Wednesday","date":"2026-09-09","status":"","open_time":"","close_time":"","session":"Morning","notes":"","active":"No","display_name":"Night\nTrack\nVet\nTrack"}},{"type":"Feature","geometry":{"type":"Polygon","coordinates":[[[-84.4409453,30.8384578],[-84.4404301,30.838219],[-84.4403668,30.8373717],[-84.4412469,30.8373488],[-84.4412904,30.8384081],[-84.4409453,30.8384578]]]},"properties":{"track_name":"Night Track / Vet Track","day_of_week":"Wednesday","date":"2026-09-09","status":"","open_time":"","close_time":"","session":"Afternoon","notes":"","active":"No","display_name":"Night\nTrack\nVet\nTrack"}},{"type":"Feature","geometry":{"type":"Polygon","coordinates":[[[-84.4409453,30.8384578],[-84.4404301,30.838219],[-84.4403668,30.8373717],[-84.4412469,30.8373488],[-84.4412904,30.8384081],[-84.4409453,30.8384578]]]},"properties":{"track_name":"Night Track / Vet Track","day_of_week":"Wednesday","date":"2026-09-09","status":"","open_time":"","close_time":"","session":"Evening","notes":"","active":"No","display_name":"Night\nTrack\nVet\nTrack"}},{"type":"Feature","geometry":{"type":"Polygon","coordinates":[[[-84.4402749,30.8364069],[-84.4412349,30.8364187],[-84.4412469,30.8373488],[-84.44021685,30.83733603],[-84.44004073,30.83647645],[-84.4402749,30.8364069]]]},"properties":{"track_name":"Amateur Supercross Track","day_of_week":"Wednesday","date":"2026-09-09","status":"","open_time":"","close_time":"","session":"Morning","notes":"","active":"No","display_name":"Amateur\nSupercross\nTrack"}},{"type":"Feature","geometry":{"type":"Polygon","coordinates":[[[-84.4402749,30.8364069],[-84.4412349,30.8364187],[-84.4412469,30.8373488],[-84.44021685,30.83733603],[-84.44004073,30.83647645],[-84.4402749,30.8364069]]]},"properties":{"track_name":"Amateur Supercross Track","day_of_week":"Wednesday","date":"2026-09-09","status":"","open_time":"","close_time":"","session":"Afternoon","notes":"","active":"No","display_name":"Amateur\nSupercross\nTrack"}},{"type":"Feature","geometry":{"type":"Polygon","coordinates":[[[-84.4402749,30.8364069],[-84.4412349,30.8364187],[-84.4412469,30.8373488],[-84.44021685,30.83733603],[-84.44004073,30.83647645],[-84.4402749,30.8364069]]]},"properties":{"track_name":"Amateur Supercross Track","day_of_week":"Wednesday","date":"2026-09-09","status":"","open_time":"","close_time":"","session":"Evening","notes":"","active":"No","display_name":"Amateur\nSupercross\nTrack"}},{"type":"Feature","geometry":{"type":"Polygon","coordinates":[[[-84.44111,30.8361674],[-84.441133,30.8360654],[-84.4412321,30.8354943],[-84.440814,30.8354136],[-84.4403742,30.8355287],[-84.4403329,30.836279],[-84.44111,30.8361674]]]},"properties":{"track_name":"Pro Supercross Track","day_of_week":"Wednesday","date":"2026-09-09","status":"","open_time":"","close_time":"","session":"Morning","notes":"","active":"No","display_name":"Pro\nSupercross\nTrack"}},{"type":"Feature","geometry":{"type":"Polygon","coordinates":[[[-84.44111,30.8361674],[-84.441133,30.8360654],[-84.4412321,30.8354943],[-84.440814,30.8354136],[-84.4403742,30.8355287],[-84.4403329,30.836279],[-84.44111,30.8361674]]]},"properties":{"track_name":"Pro Supercross Track","day_of_week":"Wednesday","date":"2026-09-09","status":"","open_time":"","close_time":"","session":"Afternoon","notes":"","active":"No","display_name":"Pro\nSupercross\nTrack"}},{"type":"Feature","geometry":{"type":"Polygon","coordinates":[[[-84.44111,30.8361674],[-84.441133,30.8360654],[-84.4412321,30.8354943],[-84.440814,30.8354136],[-84.4403742,30.8355287],[-84.4403329,30.836279],[-84.44111,30.8361674]]]},"properties":{"track_name":"Pro Supercross Track","day_of_week":"Wednesday","date":"2026-09-09","status":"","open_time":"","close_time":"","session":"Evening","notes":"","active":"No","display_name":"Pro\nSupercross\nTrack"}},{"type":"Feature","geometry":{"type":"Polygon","coordinates":[[[-84.4397819,30.8410012],[-84.4392803,30.8412015],[-84.4390587,30.8412315],[-84.4385804,30.8406707],[-84.4380555,30.8401399],[-84.4376939,30.8396692],[-84.4374723,30.8392485],[-84.4376589,30.838918],[-84.4377522,30.8386476],[-84.4380438,30.8383571],[-84.4382188,30.8381869],[-84.4388254,30.8383872],[-84.4393736,30.8385374],[-84.4399102,30.8387277],[-84.4405051,30.8394388],[-84.4400968,30.8396992],[-84.4402018,30.8399195],[-84.4406567,30.8404503],[-84.4402485,30.8407208],[-84.4397819,30.8410012]]]},"properties":{"track_name":"National Motocross Track","day_of_week":"Wednesday","date":"2026-09-09","status":"","open_time":"","close_time":"","session":"Morning","notes":"","active":"No","display_name":"National\nMotocross\nTrack"}},{"type":"Feature","geometry":{"type":"Polygon","coordinates":[[[-84.4397819,30.8410012],[-84.4392803,30.8412015],[-84.4390587,30.8412315],[-84.4385804,30.8406707],[-84.4380555,30.8401399],[-84.4376939,30.8396692],[-84.4374723,30.8392485],[-84.4376589,30.838918],[-84.4377522,30.8386476],[-84.4380438,30.8383571],[-84.4382188,30.8381869],[-84.4388254,30.8383872],[-84.4393736,30.8385374],[-84.4399102,30.8387277],[-84.4405051,30.8394388],[-84.4400968,30.8396992],[-84.4402018,30.8399195],[-84.4406567,30.8404503],[-84.4402485,30.8407208],[-84.4397819,30.8410012]]]},"properties":{"track_name":"National Motocross Track","day_of_week":"Wednesday","date":"2026-09-09","status":"","open_time":"","close_time":"","session":"Afternoon","notes":"","active":"No","display_name":"National\nMotocross\nTrack"}},{"type":"Feature","geometry":{"type":"Polygon","coordinates":[[[-84.4397819,30.8410012],[-84.4392803,30.8412015],[-84.4390587,30.8412315],[-84.4385804,30.8406707],[-84.4380555,30.8401399],[-84.4376939,30.8396692],[-84.4374723,30.8392485],[-84.4376589,30.838918],[-84.4377522,30.8386476],[-84.4380438,30.8383571],[-84.4382188,30.8381869],[-84.4388254,30.8383872],[-84.4393736,30.8385374],[-84.4399102,30.8387277],[-84.4405051,30.8394388],[-84.4400968,30.8396992],[-84.4402018,30.8399195],[-84.4406567,30.8404503],[-84.4402485,30.8407208],[-84.4397819,30.8410012]]]},"properties":{"track_name":"National Motocross Track","day_of_week":"Wednesday","date":"2026-09-09","status":"","open_time":"","close_time":"","session":"Evening","notes":"","active":"No","display_name":"National\nMotocross\nTrack"}},{"type":"Feature","geometry":{"type":"Polygon","coordinates":[[[-84.4372275,30.8370251],[-84.4373522,30.8364628],[-84.4373366,30.835887],[-84.4374146,30.8355522],[-84.4375862,30.8349229],[-84.4379136,30.8348518],[-84.4382879,30.8350125],[-84.438553,30.8353339],[-84.4385374,30.8358025],[-84.4383191,30.8367975],[-84.4379448,30.8371189],[-84.4372275,30.8370251]]]},"properties":{"track_name":"Sand Track","day_of_week":"Wednesday","date":"2026-09-09","status":"","open_time":"","close_time":"","session":"Morning","notes":"","active":"No","display_name":"Sand\nTrack"}},{"type":"Feature","geometry":{"type":"Polygon","coordinates":[[[-84.4372275,30.8370251],[-84.4373522,30.8364628],[-84.4373366,30.835887],[-84.4374146,30.8355522],[-84.4375862,30.8349229],[-84.4379136,30.8348518],[-84.4382879,30.8350125],[-84.438553,30.8353339],[-84.4385374,30.8358025],[-84.4383191,30.8367975],[-84.4379448,30.8371189],[-84.4372275,30.8370251]]]},"properties":{"track_name":"Sand Track","day_of_week":"Wednesday","date":"2026-09-09","status":"","open_time":"","close_time":"","session":"Afternoon","notes":"","active":"No","display_name":"Sand\nTrack"}},{"type":"Feature","geometry":{"type":"Polygon","coordinates":[[[-84.4372275,30.8370251],[-84.4373522,30.8364628],[-84.4373366,30.835887],[-84.4374146,30.8355522],[-84.4375862,30.8349229],[-84.4379136,30.8348518],[-84.4382879,30.8350125],[-84.438553,30.8353339],[-84.4385374,30.8358025],[-84.4383191,30.8367975],[-84.4379448,30.8371189],[-84.4372275,30.8370251]]]},"properties":{"track_name":"Sand Track","day_of_week":"Wednesday","date":"2026-09-09","status":"","open_time":"","close_time":"","session":"Evening","notes":"","active":"No","display_name":"Sand\nTrack"}},{"type":"Feature","geometry":{"type":"Polygon","coordinates":[[[-84.4397382,30.8355347],[-84.4401749,30.8355213],[-84.4402749,30.8364069],[-84.4397538,30.8363515],[-84.4397382,30.8355347]]]},"properties":{"track_name":"Drills Track","day_of_week":"Wednesday","date":"2026-09-09","status":"","open_time":"","close_time":"","session":"Morning","notes":"","active":"No","display_name":"Drills\nTrack"}},{"type":"Feature","geometry":{"type":"Polygon","coordinates":[[[-84.4397382,30.8355347],[-84.4401749,30.8355213],[-84.4402749,30.8364069],[-84.4397538,30.8363515],[-84.4397382,30.8355347]]]},"properties":{"track_name":"Drills Track","day_of_week":"Wednesday","date":"2026-09-09","status":"","open_time":"","close_time":"","session":"Afternoon","notes":"","active":"No","display_name":"Drills\nTrack"}},{"type":"Feature","geometry":{"type":"Polygon","coordinates":[[[-84.4397382,30.8355347],[-84.4401749,30.8355213],[-84.4402749,30.8364069],[-84.4397538,30.8363515],[-84.4397382,30.8355347]]]},"properties":{"track_name":"Drills Track","day_of_week":"Wednesday","date":"2026-09-09","status":"","open_time":"","close_time":"","session":"Evening","notes":"","active":"No","display_name":"Drills\nTrack"}},{"type":"Feature","geometry":{"type":"Polygon","coordinates":[[[-84.4369523,30.8387197],[-84.4365408,30.8382057],[-84.4365408,30.8374206],[-84.4375695,30.8373814],[-84.4378666,30.8381701],[-84.4374094,30.8385823],[-84.4369523,30.8387197]]]},"properties":{"track_name":"Lower Turn Track","day_of_week":"Wednesday","date":"2026-09-09","status":"","open_time":"","close_time":"","session":"Morning","notes":"","active":"No","display_name":"Lower\nTurn\nTrack"}},{"type":"Feature","geometry":{"type":"Polygon","coordinates":[[[-84.4369523,30.8387197],[-84.4365408,30.8382057],[-84.4365408,30.8374206],[-84.4375695,30.8373814],[-84.4378666,30.8381701],[-84.4374094,30.8385823],[-84.4369523,30.8387197]]]},"properties":{"track_name":"Lower Turn Track","day_of_week":"Wednesday","date":"2026-09-09","status":"","open_time":"","close_time":"","session":"Afternoon","notes":"","active":"No","display_name":"Lower\nTurn\nTrack"}},{"type":"Feature","geometry":{"type":"Polygon","coordinates":[[[-84.4369523,30.8387197],[-84.4365408,30.8382057],[-84.4365408,30.8374206],[-84.4375695,30.8373814],[-84.4378666,30.8381701],[-84.4374094,30.8385823],[-84.4369523,30.8387197]]]},"properties":{"track_name":"Lower Turn Track","day_of_week":"Wednesday","date":"2026-09-09","status":"","open_time":"","close_time":"","session":"Evening","notes":"","active":"No","display_name":"Lower\nTurn\nTrack"}},{"type":"Feature","geometry":{"type":"Polygon","coordinates":[[[-84.440356,30.8351075],[-84.4405692,30.8350836],[-84.4405878,30.8352189],[-84.4403839,30.8352587],[-84.440356,30.8351075]]]},"properties":{"track_name":"Gym","day_of_week":"Wednesday","date":"2026-09-09","status":"","open_time":"","close_time":"","session":"Morning","notes":"","active":"No","display_name":"Gym"}},{"type":"Feature","geometry":{"type":"Polygon","coordinates":[[[-84.440356,30.8351075],[-84.4405692,30.8350836],[-84.4405878,30.8352189],[-84.4403839,30.8352587],[-84.440356,30.8351075]]]},"properties":{"track_name":"Gym","day_of_week":"Wednesday","date":"2026-09-09","status":"","open_time":"","close_time":"","session":"Afternoon","notes":"","active":"No","display_name":"Gym"}},{"type":"Feature","geometry":{"type":"Polygon","coordinates":[[[-84.440356,30.8351075],[-84.4405692,30.8350836],[-84.4405878,30.8352189],[-84.4403839,30.8352587],[-84.440356,30.8351075]]]},"properties":{"track_name":"Gym","day_of_week":"Wednesday","date":"2026-09-09","status":"","open_time":"","close_time":"","session":"Evening","notes":"","active":"No","display_name":"Gym"}},{"type":"Feature","geometry":{"type":"Polygon","coordinates":[[[-84.4409453,30.8384578],[-84.4404301,30.838219],[-84.4403668,30.8373717],[-84.4412469,30.8373488],[-84.4412904,30.8384081],[-84.4409453,30.8384578]]]},"properties":{"track_name":"Night Track / Vet Track","day_of_week":"Thursday","date":"2026-09-10","status":"","open_time":"","close_time":"","session":"Morning","notes":"","active":"No","display_name":"Night\nTrack\nVet\nTrack"}},{"type":"Feature","geometry":{"type":"Polygon","coordinates":[[[-84.4409453,30.8384578],[-84.4404301,30.838219],[-84.4403668,30.8373717],[-84.4412469,30.8373488],[-84.4412904,30.8384081],[-84.4409453,30.8384578]]]},"properties":{"track_name":"Night Track / Vet Track","day_of_week":"Thursday","date":"2026-09-10","status":"","open_time":"","close_time":"","session":"Afternoon","notes":"","active":"No","display_name":"Night\nTrack\nVet\nTrack"}},{"type":"Feature","geometry":{"type":"Polygon","coordinates":[[[-84.4409453,30.8384578],[-84.4404301,30.838219],[-84.4403668,30.8373717],[-84.4412469,30.8373488],[-84.4412904,30.8384081],[-84.4409453,30.8384578]]]},"properties":{"track_name":"Night Track / Vet Track","day_of_week":"Thursday","date":"2026-09-10","status":"","open_time":"","close_time":"","session":"Evening","notes":"","active":"No","display_name":"Night\nTrack\nVet\nTrack"}},{"type":"Feature","geometry":{"type":"Polygon","coordinates":[[[-84.4402749,30.8364069],[-84.4412349,30.8364187],[-84.4412469,30.8373488],[-84.44021685,30.83733603],[-84.44004073,30.83647645],[-84.4402749,30.8364069]]]},"properties":{"track_name":"Amateur Supercross Track","day_of_week":"Thursday","date":"2026-09-10","status":"","open_time":"","close_time":"","session":"Morning","notes":"","active":"No","display_name":"Amateur\nSupercross\nTrack"}},{"type":"Feature","geometry":{"type":"Polygon","coordinates":[[[-84.4402749,30.8364069],[-84.4412349,30.8364187],[-84.4412469,30.8373488],[-84.44021685,30.83733603],[-84.44004073,30.83647645],[-84.4402749,30.8364069]]]},"properties":{"track_name":"Amateur Supercross Track","day_of_week":"Thursday","date":"2026-09-10","status":"","open_time":"","close_time":"","session":"Afternoon","notes":"","active":"No","display_name":"Amateur\nSupercross\nTrack"}},{"type":"Feature","geometry":{"type":"Polygon","coordinates":[[[-84.4402749,30.8364069],[-84.4412349,30.8364187],[-84.4412469,30.8373488],[-84.44021685,30.83733603],[-84.44004073,30.83647645],[-84.4402749,30.8364069]]]},"properties":{"track_name":"Amateur Supercross Track","day_of_week":"Thursday","date":"2026-09-10","status":"","open_time":"","close_time":"","session":"Evening","notes":"","active":"No","display_name":"Amateur\nSupercross\nTrack"}},{"type":"Feature","geometry":{"type":"Polygon","coordinates":[[[-84.44111,30.8361674],[-84.441133,30.8360654],[-84.4412321,30.8354943],[-84.440814,30.8354136],[-84.4403742,30.8355287],[-84.4403329,30.836279],[-84.44111,30.8361674]]]},"properties":{"track_name":"Pro Supercross Track","day_of_week":"Thursday","date":"2026-09-10","status":"","open_time":"","close_time":"","session":"Morning","notes":"","active":"No","display_name":"Pro\nSupercross\nTrack"}},{"type":"Feature","geometry":{"type":"Polygon","coordinates":[[[-84.44111,30.8361674],[-84.441133,30.8360654],[-84.4412321,30.8354943],[-84.440814,30.8354136],[-84.4403742,30.8355287],[-84.4403329,30.836279],[-84.44111,30.8361674]]]},"properties":{"track_name":"Pro Supercross Track","day_of_week":"Thursday","date":"2026-09-10","status":"","open_time":"","close_time":"","session":"Afternoon","notes":"","active":"No","display_name":"Pro\nSupercross\nTrack"}},{"type":"Feature","geometry":{"type":"Polygon","coordinates":[[[-84.44111,30.8361674],[-84.441133,30.8360654],[-84.4412321,30.8354943],[-84.440814,30.8354136],[-84.4403742,30.8355287],[-84.4403329,30.836279],[-84.44111,30.8361674]]]},"properties":{"track_name":"Pro Supercross Track","day_of_week":"Thursday","date":"2026-09-10","status":"","open_time":"","close_time":"","session":"Evening","notes":"","active":"No","display_name":"Pro\nSupercross\nTrack"}},{"type":"Feature","geometry":{"type":"Polygon","coordinates":[[[-84.4397819,30.8410012],[-84.4392803,30.8412015],[-84.4390587,30.8412315],[-84.4385804,30.8406707],[-84.4380555,30.8401399],[-84.4376939,30.8396692],[-84.4374723,30.8392485],[-84.4376589,30.838918],[-84.4377522,30.8386476],[-84.4380438,30.8383571],[-84.4382188,30.8381869],[-84.4388254,30.8383872],[-84.4393736,30.8385374],[-84.4399102,30.8387277],[-84.4405051,30.8394388],[-84.4400968,30.8396992],[-84.4402018,30.8399195],[-84.4406567,30.8404503],[-84.4402485,30.8407208],[-84.4397819,30.8410012]]]},"properties":{"track_name":"National Motocross Track","day_of_week":"Thursday","date":"2026-09-10","status":"","open_time":"","close_time":"","session":"Morning","notes":"","active":"No","display_name":"National\nMotocross\nTrack"}},{"type":"Feature","geometry":{"type":"Polygon","coordinates":[[[-84.4397819,30.8410012],[-84.4392803,30.8412015],[-84.4390587,30.8412315],[-84.4385804,30.8406707],[-84.4380555,30.8401399],[-84.4376939,30.8396692],[-84.4374723,30.8392485],[-84.4376589,30.838918],[-84.4377522,30.8386476],[-84.4380438,30.8383571],[-84.4382188,30.8381869],[-84.4388254,30.8383872],[-84.4393736,30.8385374],[-84.4399102,30.8387277],[-84.4405051,30.8394388],[-84.4400968,30.8396992],[-84.4402018,30.8399195],[-84.4406567,30.8404503],[-84.4402485,30.8407208],[-84.4397819,30.8410012]]]},"properties":{"track_name":"National Motocross Track","day_of_week":"Thursday","date":"2026-09-10","status":"","open_time":"","close_time":"","session":"Afternoon","notes":"","active":"No","display_name":"National\nMotocross\nTrack"}},{"type":"Feature","geometry":{"type":"Polygon","coordinates":[[[-84.4397819,30.8410012],[-84.4392803,30.8412015],[-84.4390587,30.8412315],[-84.4385804,30.8406707],[-84.4380555,30.8401399],[-84.4376939,30.8396692],[-84.4374723,30.8392485],[-84.4376589,30.838918],[-84.4377522,30.8386476],[-84.4380438,30.8383571],[-84.4382188,30.8381869],[-84.4388254,30.8383872],[-84.4393736,30.8385374],[-84.4399102,30.8387277],[-84.4405051,30.8394388],[-84.4400968,30.8396992],[-84.4402018,30.8399195],[-84.4406567,30.8404503],[-84.4402485,30.8407208],[-84.4397819,30.8410012]]]},"properties":{"track_name":"National Motocross Track","day_of_week":"Thursday","date":"2026-09-10","status":"","open_time":"","close_time":"","session":"Evening","notes":"","active":"No","display_name":"National\nMotocross\nTrack"}},{"type":"Feature","geometry":{"type":"Polygon","coordinates":[[[-84.4372275,30.8370251],[-84.4373522,30.8364628],[-84.4373366,30.835887],[-84.4374146,30.8355522],[-84.4375862,30.8349229],[-84.4379136,30.8348518],[-84.4382879,30.8350125],[-84.438553,30.8353339],[-84.4385374,30.8358025],[-84.4383191,30.8367975],[-84.4379448,30.8371189],[-84.4372275,30.8370251]]]},"properties":{"track_name":"Sand Track","day_of_week":"Thursday","date":"2026-09-10","status":"","open_time":"","close_time":"","session":"Morning","notes":"","active":"No","display_name":"Sand\nTrack"}},{"type":"Feature","geometry":{"type":"Polygon","coordinates":[[[-84.4372275,30.8370251],[-84.4373522,30.8364628],[-84.4373366,30.835887],[-84.4374146,30.8355522],[-84.4375862,30.8349229],[-84.4379136,30.8348518],[-84.4382879,30.8350125],[-84.438553,30.8353339],[-84.4385374,30.8358025],[-84.4383191,30.8367975],[-84.4379448,30.8371189],[-84.4372275,30.8370251]]]},"properties":{"track_name":"Sand Track","day_of_week":"Thursday","date":"2026-09-10","status":"","open_time":"","close_time":"","session":"Afternoon","notes":"","active":"No","display_name":"Sand\nTrack"}},{"type":"Feature","geometry":{"type":"Polygon","coordinates":[[[-84.4372275,30.8370251],[-84.4373522,30.8364628],[-84.4373366,30.835887],[-84.4374146,30.8355522],[-84.4375862,30.8349229],[-84.4379136,30.8348518],[-84.4382879,30.8350125],[-84.438553,30.8353339],[-84.4385374,30.8358025],[-84.4383191,30.8367975],[-84.4379448,30.8371189],[-84.4372275,30.8370251]]]},"properties":{"track_name":"Sand Track","day_of_week":"Thursday","date":"2026-09-10","status":"","open_time":"","close_time":"","session":"Evening","notes":"","active":"No","display_name":"Sand\nTrack"}},{"type":"Feature","geometry":{"type":"Polygon","coordinates":[[[-84.4397382,30.8355347],[-84.4401749,30.8355213],[-84.4402749,30.8364069],[-84.4397538,30.8363515],[-84.4397382,30.8355347]]]},"properties":{"track_name":"Drills Track","day_of_week":"Thursday","date":"2026-09-10","status":"","open_time":"","close_time":"","session":"Morning","notes":"","active":"No","display_name":"Drills\nTrack"}},{"type":"Feature","geometry":{"type":"Polygon","coordinates":[[[-84.4397382,30.8355347],[-84.4401749,30.8355213],[-84.4402749,30.8364069],[-84.4397538,30.8363515],[-84.4397382,30.8355347]]]},"properties":{"track_name":"Drills Track","day_of_week":"Thursday","date":"2026-09-10","status":"","open_time":"","close_time":"","session":"Afternoon","notes":"","active":"No","display_name":"Drills\nTrack"}},{"type":"Feature","geometry":{"type":"Polygon","coordinates":[[[-84.4397382,30.8355347],[-84.4401749,30.8355213],[-84.4402749,30.8364069],[-84.4397538,30.8363515],[-84.4397382,30.8355347]]]},"properties":{"track_name":"Drills Track","day_of_week":"Thursday","date":"2026-09-10","status":"","open_time":"","close_time":"","session":"Evening","notes":"","active":"No","display_name":"Drills\nTrack"}},{"type":"Feature","geometry":{"type":"Polygon","coordinates":[[[-84.4369523,30.8387197],[-84.4365408,30.8382057],[-84.4365408,30.8374206],[-84.4375695,30.8373814],[-84.4378666,30.8381701],[-84.4374094,30.8385823],[-84.4369523,30.8387197]]]},"properties":{"track_name":"Lower Turn Track","day_of_week":"Thursday","date":"2026-09-10","status":"","open_time":"","close_time":"","session":"Morning","notes":"","active":"No","display_name":"Lower\nTurn\nTrack"}},{"type":"Feature","geometry":{"type":"Polygon","coordinates":[[[-84.4369523,30.8387197],[-84.4365408,30.8382057],[-84.4365408,30.8374206],[-84.4375695,30.8373814],[-84.4378666,30.8381701],[-84.4374094,30.8385823],[-84.4369523,30.8387197]]]},"properties":{"track_name":"Lower Turn Track","day_of_week":"Thursday","date":"2026-09-10","status":"","open_time":"","close_time":"","session":"Afternoon","notes":"","active":"No","display_name":"Lower\nTurn\nTrack"}},{"type":"Feature","geometry":{"type":"Polygon","coordinates":[[[-84.4369523,30.8387197],[-84.4365408,30.8382057],[-84.4365408,30.8374206],[-84.4375695,30.8373814],[-84.4378666,30.8381701],[-84.4374094,30.8385823],[-84.4369523,30.8387197]]]},"properties":{"track_name":"Lower Turn Track","day_of_week":"Thursday","date":"2026-09-10","status":"","open_time":"","close_time":"","session":"Evening","notes":"","active":"No","display_name":"Lower\nTurn\nTrack"}},{"type":"Feature","geometry":{"type":"Polygon","coordinates":[[[-84.440356,30.8351075],[-84.4405692,30.8350836],[-84.4405878,30.8352189],[-84.4403839,30.8352587],[-84.440356,30.8351075]]]},"properties":{"track_name":"Gym","day_of_week":"Thursday","date":"2026-09-10","status":"","open_time":"","close_time":"","session":"Morning","notes":"","active":"No","display_name":"Gym"}},{"type":"Feature","geometry":{"type":"Polygon","coordinates":[[[-84.440356,30.8351075],[-84.4405692,30.8350836],[-84.4405878,30.8352189],[-84.4403839,30.8352587],[-84.440356,30.8351075]]]},"properties":{"track_name":"Gym","day_of_week":"Thursday","date":"2026-09-10","status":"","open_time":"","close_time":"","session":"Afternoon","notes":"","active":"No","display_name":"Gym"}},{"type":"Feature","geometry":{"type":"Polygon","coordinates":[[[-84.440356,30.8351075],[-84.4405692,30.8350836],[-84.4405878,30.8352189],[-84.4403839,30.8352587],[-84.440356,30.8351075]]]},"properties":{"track_name":"Gym","day_of_week":"Thursday","date":"2026-09-10","status":"","open_time":"","close_time":"","session":"Evening","notes":"","active":"No","display_name":"Gym"}},{"type":"Feature","geometry":{"type":"Polygon","coordinates":[[[-84.4409453,30.8384578],[-84.4404301,30.838219],[-84.4403668,30.8373717],[-84.4412469,30.8373488],[-84.4412904,30.8384081],[-84.4409453,30.8384578]]]},"properties":{"track_name":"Night Track / Vet Track","day_of_week":"Friday","date":"2026-09-11","status":"","open_time":"","close_time":"","session":"Morning","notes":"","active":"No","display_name":"Night\nTrack\nVet\nTrack"}},{"type":"Feature","geometry":{"type":"Polygon","coordinates":[[[-84.4409453,30.8384578],[-84.4404301,30.838219],[-84.4403668,30.8373717],[-84.4412469,30.8373488],[-84.4412904,30.8384081],[-84.4409453,30.8384578]]]},"properties":{"track_name":"Night Track / Vet Track","day_of_week":"Friday","date":"2026-09-11","status":"","open_time":"","close_time":"","session":"Afternoon","notes":"","active":"No","display_name":"Night\nTrack\nVet\nTrack"}},{"type":"Feature","geometry":{"type":"Polygon","coordinates":[[[-84.4409453,30.8384578],[-84.4404301,30.838219],[-84.4403668,30.8373717],[-84.4412469,30.8373488],[-84.4412904,30.8384081],[-84.4409453,30.8384578]]]},"properties":{"track_name":"Night Track / Vet Track","day_of_week":"Friday","date":"2026-09-11","status":"","open_time":"","close_time":"","session":"Evening","notes":"","active":"No","display_name":"Night\nTrack\nVet\nTrack"}},{"type":"Feature","geometry":{"type":"Polygon","coordinates":[[[-84.4402749,30.8364069],[-84.4412349,30.8364187],[-84.4412469,30.8373488],[-84.44021685,30.83733603],[-84.44004073,30.83647645],[-84.4402749,30.8364069]]]},"properties":{"track_name":"Amateur Supercross Track","day_of_week":"Friday","date":"2026-09-11","status":"","open_time":"","close_time":"","session":"Morning","notes":"","active":"No","display_name":"Amateur\nSupercross\nTrack"}},{"type":"Feature","geometry":{"type":"Polygon","coordinates":[[[-84.4402749,30.8364069],[-84.4412349,30.8364187],[-84.4412469,30.8373488],[-84.44021685,30.83733603],[-84.44004073,30.83647645],[-84.4402749,30.8364069]]]},"properties":{"track_name":"Amateur Supercross Track","day_of_week":"Friday","date":"2026-09-11","status":"","open_time":"","close_time":"","session":"Afternoon","notes":"","active":"No","display_name":"Amateur\nSupercross\nTrack"}},{"type":"Feature","geometry":{"type":"Polygon","coordinates":[[[-84.4402749,30.8364069],[-84.4412349,30.8364187],[-84.4412469,30.8373488],[-84.44021685,30.83733603],[-84.44004073,30.83647645],[-84.4402749,30.8364069]]]},"properties":{"track_name":"Amateur Supercross Track","day_of_week":"Friday","date":"2026-09-11","status":"","open_time":"","close_time":"","session":"Evening","notes":"","active":"No","display_name":"Amateur\nSupercross\nTrack"}},{"type":"Feature","geometry":{"type":"Polygon","coordinates":[[[-84.44111,30.8361674],[-84.441133,30.8360654],[-84.4412321,30.8354943],[-84.440814,30.8354136],[-84.4403742,30.8355287],[-84.4403329,30.836279],[-84.44111,30.8361674]]]},"properties":{"track_name":"Pro Supercross Track","day_of_week":"Friday","date":"2026-09-11","status":"","open_time":"","close_time":"","session":"Morning","notes":"","active":"No","display_name":"Pro\nSupercross\nTrack"}},{"type":"Feature","geometry":{"type":"Polygon","coordinates":[[[-84.44111,30.8361674],[-84.441133,30.8360654],[-84.4412321,30.8354943],[-84.440814,30.8354136],[-84.4403742,30.8355287],[-84.4403329,30.836279],[-84.44111,30.8361674]]]},"properties":{"track_name":"Pro Supercross Track","day_of_week":"Friday","date":"2026-09-11","status":"","open_time":"","close_time":"","session":"Afternoon","notes":"","active":"No","display_name":"Pro\nSupercross\nTrack"}},{"type":"Feature","geometry":{"type":"Polygon","coordinates":[[[-84.44111,30.8361674],[-84.441133,30.8360654],[-84.4412321,30.8354943],[-84.440814,30.8354136],[-84.4403742,30.8355287],[-84.4403329,30.836279],[-84.44111,30.8361674]]]},"properties":{"track_name":"Pro Supercross Track","day_of_week":"Friday","date":"2026-09-11","status":"","open_time":"","close_time":"","session":"Evening","notes":"","active":"No","display_name":"Pro\nSupercross\nTrack"}},{"type":"Feature","geometry":{"type":"Polygon","coordinates":[[[-84.4397819,30.8410012],[-84.4392803,30.8412015],[-84.4390587,30.8412315],[-84.4385804,30.8406707],[-84.4380555,30.8401399],[-84.4376939,30.8396692],[-84.4374723,30.8392485],[-84.4376589,30.838918],[-84.4377522,30.8386476],[-84.4380438,30.8383571],[-84.4382188,30.8381869],[-84.4388254,30.8383872],[-84.4393736,30.8385374],[-84.4399102,30.8387277],[-84.4405051,30.8394388],[-84.4400968,30.8396992],[-84.4402018,30.8399195],[-84.4406567,30.8404503],[-84.4402485,30.8407208],[-84.4397819,30.8410012]]]},"properties":{"track_name":"National Motocross Track","day_of_week":"Friday","date":"2026-09-11","status":"","open_time":"","close_time":"","session":"Morning","notes":"","active":"No","display_name":"National\nMotocross\nTrack"}},{"type":"Feature","geometry":{"type":"Polygon","coordinates":[[[-84.4397819,30.8410012],[-84.4392803,30.8412015],[-84.4390587,30.8412315],[-84.4385804,30.8406707],[-84.4380555,30.8401399],[-84.4376939,30.8396692],[-84.4374723,30.8392485],[-84.4376589,30.838918],[-84.4377522,30.8386476],[-84.4380438,30.8383571],[-84.4382188,30.8381869],[-84.4388254,30.8383872],[-84.4393736,30.8385374],[-84.4399102,30.8387277],[-84.4405051,30.8394388],[-84.4400968,30.8396992],[-84.4402018,30.8399195],[-84.4406567,30.8404503],[-84.4402485,30.8407208],[-84.4397819,30.8410012]]]},"properties":{"track_name":"National Motocross Track","day_of_week":"Friday","date":"2026-09-11","status":"","open_time":"","close_time":"","session":"Afternoon","notes":"","active":"No","display_name":"National\nMotocross\nTrack"}},{"type":"Feature","geometry":{"type":"Polygon","coordinates":[[[-84.4397819,30.8410012],[-84.4392803,30.8412015],[-84.4390587,30.8412315],[-84.4385804,30.8406707],[-84.4380555,30.8401399],[-84.4376939,30.8396692],[-84.4374723,30.8392485],[-84.4376589,30.838918],[-84.4377522,30.8386476],[-84.4380438,30.8383571],[-84.4382188,30.8381869],[-84.4388254,30.8383872],[-84.4393736,30.8385374],[-84.4399102,30.8387277],[-84.4405051,30.8394388],[-84.4400968,30.8396992],[-84.4402018,30.8399195],[-84.4406567,30.8404503],[-84.4402485,30.8407208],[-84.4397819,30.8410012]]]},"properties":{"track_name":"National Motocross Track","day_of_week":"Friday","date":"2026-09-11","status":"","open_time":"","close_time":"","session":"Evening","notes":"","active":"No","display_name":"National\nMotocross\nTrack"}},{"type":"Feature","geometry":{"type":"Polygon","coordinates":[[[-84.4372275,30.8370251],[-84.4373522,30.8364628],[-84.4373366,30.835887],[-84.4374146,30.8355522],[-84.4375862,30.8349229],[-84.4379136,30.8348518],[-84.4382879,30.8350125],[-84.438553,30.8353339],[-84.4385374,30.8358025],[-84.4383191,30.8367975],[-84.4379448,30.8371189],[-84.4372275,30.8370251]]]},"properties":{"track_name":"Sand Track","day_of_week":"Friday","date":"2026-09-11","status":"","open_time":"","close_time":"","session":"Morning","notes":"","active":"No","display_name":"Sand\nTrack"}},{"type":"Feature","geometry":{"type":"Polygon","coordinates":[[[-84.4372275,30.8370251],[-84.4373522,30.8364628],[-84.4373366,30.835887],[-84.4374146,30.8355522],[-84.4375862,30.8349229],[-84.4379136,30.8348518],[-84.4382879,30.8350125],[-84.438553,30.8353339],[-84.4385374,30.8358025],[-84.4383191,30.8367975],[-84.4379448,30.8371189],[-84.4372275,30.8370251]]]},"properties":{"track_name":"Sand Track","day_of_week":"Friday","date":"2026-09-11","status":"","open_time":"","close_time":"","session":"Afternoon","notes":"","active":"No","display_name":"Sand\nTrack"}},{"type":"Feature","geometry":{"type":"Polygon","coordinates":[[[-84.4372275,30.8370251],[-84.4373522,30.8364628],[-84.4373366,30.835887],[-84.4374146,30.8355522],[-84.4375862,30.8349229],[-84.4379136,30.8348518],[-84.4382879,30.8350125],[-84.438553,30.8353339],[-84.4385374,30.8358025],[-84.4383191,30.8367975],[-84.4379448,30.8371189],[-84.4372275,30.8370251]]]},"properties":{"track_name":"Sand Track","day_of_week":"Friday","date":"2026-09-11","status":"","open_time":"","close_time":"","session":"Evening","notes":"","active":"No","display_name":"Sand\nTrack"}},{"type":"Feature","geometry":{"type":"Polygon","coordinates":[[[-84.4397382,30.8355347],[-84.4401749,30.8355213],[-84.4402749,30.8364069],[-84.4397538,30.8363515],[-84.4397382,30.8355347]]]},"properties":{"track_name":"Drills Track","day_of_week":"Friday","date":"2026-09-11","status":"","open_time":"","close_time":"","session":"Morning","notes":"","active":"No","display_name":"Drills\nTrack"}},{"type":"Feature","geometry":{"type":"Polygon","coordinates":[[[-84.4397382,30.8355347],[-84.4401749,30.8355213],[-84.4402749,30.8364069],[-84.4397538,30.8363515],[-84.4397382,30.8355347]]]},"properties":{"track_name":"Drills Track","day_of_week":"Friday","date":"2026-09-11","status":"","open_time":"","close_time":"","session":"Afternoon","notes":"","active":"No","display_name":"Drills\nTrack"}},{"type":"Feature","geometry":{"type":"Polygon","coordinates":[[[-84.4397382,30.8355347],[-84.4401749,30.8355213],[-84.4402749,30.8364069],[-84.4397538,30.8363515],[-84.4397382,30.8355347]]]},"properties":{"track_name":"Drills Track","day_of_week":"Friday","date":"2026-09-11","status":"","open_time":"","close_time":"","session":"Evening","notes":"","active":"No","display_name":"Drills\nTrack"}},{"type":"Feature","geometry":{"type":"Polygon","coordinates":[[[-84.4369523,30.8387197],[-84.4365408,30.8382057],[-84.4365408,30.8374206],[-84.4375695,30.8373814],[-84.4378666,30.8381701],[-84.4374094,30.8385823],[-84.4369523,30.8387197]]]},"properties":{"track_name":"Lower Turn Track","day_of_week":"Friday","date":"2026-09-11","status":"","open_time":"","close_time":"","session":"Morning","notes":"","active":"No","display_name":"Lower\nTurn\nTrack"}},{"type":"Feature","geometry":{"type":"Polygon","coordinates":[[[-84.4369523,30.8387197],[-84.4365408,30.8382057],[-84.4365408,30.8374206],[-84.4375695,30.8373814],[-84.4378666,30.8381701],[-84.4374094,30.8385823],[-84.4369523,30.8387197]]]},"properties":{"track_name":"Lower Turn Track","day_of_week":"Friday","date":"2026-09-11","status":"","open_time":"","close_time":"","session":"Afternoon","notes":"","active":"No","display_name":"Lower\nTurn\nTrack"}},{"type":"Feature","geometry":{"type":"Polygon","coordinates":[[[-84.4369523,30.8387197],[-84.4365408,30.8382057],[-84.4365408,30.8374206],[-84.4375695,30.8373814],[-84.4378666,30.8381701],[-84.4374094,30.8385823],[-84.4369523,30.8387197]]]},"properties":{"track_name":"Lower Turn Track","day_of_week":"Friday","date":"2026-09-11","status":"","open_time":"","close_time":"","session":"Evening","notes":"","active":"No","display_name":"Lower\nTurn\nTrack"}},{"type":"Feature","geometry":{"type":"Polygon","coordinates":[[[-84.440356,30.8351075],[-84.4405692,30.8350836],[-84.4405878,30.8352189],[-84.4403839,30.8352587],[-84.440356,30.8351075]]]},"properties":{"track_name":"Gym","day_of_week":"Friday","date":"2026-09-11","status":"","open_time":"","close_time":"","session":"Morning","notes":"","active":"No","display_name":"Gym"}},{"type":"Feature","geometry":{"type":"Polygon","coordinates":[[[-84.440356,30.8351075],[-84.4405692,30.8350836],[-84.4405878,30.8352189],[-84.4403839,30.8352587],[-84.440356,30.8351075]]]},"properties":{"track_name":"Gym","day_of_week":"Friday","date":"2026-09-11","status":"","open_time":"","close_time":"","session":"Afternoon","notes":"","active":"No","display_name":"Gym"}},{"type":"Feature","geometry":{"type":"Polygon","coordinates":[[[-84.440356,30.8351075],[-84.4405692,30.8350836],[-84.4405878,30.8352189],[-84.4403839,30.8352587],[-84.440356,30.8351075]]]},"properties":{"track_name":"Gym","day_of_week":"Friday","date":"2026-09-11","status":"","open_time":"","close_time":"","session":"Evening","notes":"","active":"No","display_name":"Gym"}},{"type":"Feature","geometry":{"type":"Polygon","coordinates":[[[-84.4409453,30.8384578],[-84.4404301,30.838219],[-84.4403668,30.8373717],[-84.4412469,30.8373488],[-84.4412904,30.8384081],[-84.4409453,30.8384578]]]},"properties":{"track_name":"Night Track / Vet Track","day_of_week":"Saturday","date":"2026-09-12","status":"","open_time":"","close_time":"","session":"Morning","notes":"","active":"No","display_name":"Night\nTrack\nVet\nTrack"}},{"type":"Feature","geometry":{"type":"Polygon","coordinates":[[[-84.4409453,30.8384578],[-84.4404301,30.838219],[-84.4403668,30.8373717],[-84.4412469,30.8373488],[-84.4412904,30.8384081],[-84.4409453,30.8384578]]]},"properties":{"track_name":"Night Track / Vet Track","day_of_week":"Saturday","date":"2026-09-12","status":"","open_time":"","close_time":"","session":"Afternoon","notes":"","active":"No","display_name":"Night\nTrack\nVet\nTrack"}},{"type":"Feature","geometry":{"type":"Polygon","coordinates":[[[-84.4409453,30.8384578],[-84.4404301,30.838219],[-84.4403668,30.8373717],[-84.4412469,30.8373488],[-84.4412904,30.8384081],[-84.4409453,30.8384578]]]},"properties":{"track_name":"Night Track / Vet Track","day_of_week":"Saturday","date":"2026-09-12","status":"","open_time":"","close_time":"","session":"Evening","notes":"","active":"No","display_name":"Night\nTrack\nVet\nTrack"}},{"type":"Feature","geometry":{"type":"Polygon","coordinates":[[[-84.4402749,30.8364069],[-84.4412349,30.8364187],[-84.4412469,30.8373488],[-84.44021685,30.83733603],[-84.44004073,30.83647645],[-84.4402749,30.8364069]]]},"properties":{"track_name":"Amateur Supercross Track","day_of_week":"Saturday","date":"2026-09-12","status":"","open_time":"","close_time":"","session":"Morning","notes":"","active":"No","display_name":"Amateur\nSupercross\nTrack"}},{"type":"Feature","geometry":{"type":"Polygon","coordinates":[[[-84.4402749,30.8364069],[-84.4412349,30.8364187],[-84.4412469,30.8373488],[-84.44021685,30.83733603],[-84.44004073,30.83647645],[-84.4402749,30.8364069]]]},"properties":{"track_name":"Amateur Supercross Track","day_of_week":"Saturday","date":"2026-09-12","status":"","open_time":"","close_time":"","session":"Afternoon","notes":"","active":"No","display_name":"Amateur\nSupercross\nTrack"}},{"type":"Feature","geometry":{"type":"Polygon","coordinates":[[[-84.4402749,30.8364069],[-84.4412349,30.8364187],[-84.4412469,30.8373488],[-84.44021685,30.83733603],[-84.44004073,30.83647645],[-84.4402749,30.8364069]]]},"properties":{"track_name":"Amateur Supercross Track","day_of_week":"Saturday","date":"2026-09-12","status":"","open_time":"","close_time":"","session":"Evening","notes":"","active":"No","display_name":"Amateur\nSupercross\nTrack"}},{"type":"Feature","geometry":{"type":"Polygon","coordinates":[[[-84.44111,30.8361674],[-84.441133,30.8360654],[-84.4412321,30.8354943],[-84.440814,30.8354136],[-84.4403742,30.8355287],[-84.4403329,30.836279],[-84.44111,30.8361674]]]},"properties":{"track_name":"Pro Supercross Track","day_of_week":"Saturday","date":"2026-09-12","status":"","open_time":"","close_time":"","session":"Morning","notes":"","active":"No","display_name":"Pro\nSupercross\nTrack"}},{"type":"Feature","geometry":{"type":"Polygon","coordinates":[[[-84.44111,30.8361674],[-84.441133,30.8360654],[-84.4412321,30.8354943],[-84.440814,30.8354136],[-84.4403742,30.8355287],[-84.4403329,30.836279],[-84.44111,30.8361674]]]},"properties":{"track_name":"Pro Supercross Track","day_of_week":"Saturday","date":"2026-09-12","status":"","open_time":"","close_time":"","session":"Afternoon","notes":"","active":"No","display_name":"Pro\nSupercross\nTrack"}},{"type":"Feature","geometry":{"type":"Polygon","coordinates":[[[-84.44111,30.8361674],[-84.441133,30.8360654],[-84.4412321,30.8354943],[-84.440814,30.8354136],[-84.4403742,30.8355287],[-84.4403329,30.836279],[-84.44111,30.8361674]]]},"properties":{"track_name":"Pro Supercross Track","day_of_week":"Saturday","date":"2026-09-12","status":"","open_time":"","close_time":"","session":"Evening","notes":"","active":"No","display_name":"Pro\nSupercross\nTrack"}},{"type":"Feature","geometry":{"type":"Polygon","coordinates":[[[-84.4397819,30.8410012],[-84.4392803,30.8412015],[-84.4390587,30.8412315],[-84.4385804,30.8406707],[-84.4380555,30.8401399],[-84.4376939,30.8396692],[-84.4374723,30.8392485],[-84.4376589,30.838918],[-84.4377522,30.8386476],[-84.4380438,30.8383571],[-84.4382188,30.8381869],[-84.4388254,30.8383872],[-84.4393736,30.8385374],[-84.4399102,30.8387277],[-84.4405051,30.8394388],[-84.4400968,30.8396992],[-84.4402018,30.8399195],[-84.4406567,30.8404503],[-84.4402485,30.8407208],[-84.4397819,30.8410012]]]},"properties":{"track_name":"National Motocross Track","day_of_week":"Saturday","date":"2026-09-12","status":"","open_time":"","close_time":"","session":"Morning","notes":"","active":"No","display_name":"National\nMotocross\nTrack"}},{"type":"Feature","geometry":{"type":"Polygon","coordinates":[[[-84.4397819,30.8410012],[-84.4392803,30.8412015],[-84.4390587,30.8412315],[-84.4385804,30.8406707],[-84.4380555,30.8401399],[-84.4376939,30.8396692],[-84.4374723,30.8392485],[-84.4376589,30.838918],[-84.4377522,30.8386476],[-84.4380438,30.8383571],[-84.4382188,30.8381869],[-84.4388254,30.8383872],[-84.4393736,30.8385374],[-84.4399102,30.8387277],[-84.4405051,30.8394388],[-84.4400968,30.8396992],[-84.4402018,30.8399195],[-84.4406567,30.8404503],[-84.4402485,30.8407208],[-84.4397819,30.8410012]]]},"properties":{"track_name":"National Motocross Track","day_of_week":"Saturday","date":"2026-09-12","status":"","open_time":"","close_time":"","session":"Afternoon","notes":"","active":"No","display_name":"National\nMotocross\nTrack"}},{"type":"Feature","geometry":{"type":"Polygon","coordinates":[[[-84.4397819,30.8410012],[-84.4392803,30.8412015],[-84.4390587,30.8412315],[-84.4385804,30.8406707],[-84.4380555,30.8401399],[-84.4376939,30.8396692],[-84.4374723,30.8392485],[-84.4376589,30.838918],[-84.4377522,30.8386476],[-84.4380438,30.8383571],[-84.4382188,30.8381869],[-84.4388254,30.8383872],[-84.4393736,30.8385374],[-84.4399102,30.8387277],[-84.4405051,30.8394388],[-84.4400968,30.8396992],[-84.4402018,30.8399195],[-84.4406567,30.8404503],[-84.4402485,30.8407208],[-84.4397819,30.8410012]]]},"properties":{"track_name":"National Motocross Track","day_of_week":"Saturday","date":"2026-09-12","status":"","open_time":"","close_time":"","session":"Evening","notes":"","active":"No","display_name":"National\nMotocross\nTrack"}},{"type":"Feature","geometry":{"type":"Polygon","coordinates":[[[-84.4372275,30.8370251],[-84.4373522,30.8364628],[-84.4373366,30.835887],[-84.4374146,30.8355522],[-84.4375862,30.8349229],[-84.4379136,30.8348518],[-84.4382879,30.8350125],[-84.438553,30.8353339],[-84.4385374,30.8358025],[-84.4383191,30.8367975],[-84.4379448,30.8371189],[-84.4372275,30.8370251]]]},"properties":{"track_name":"Sand Track","day_of_week":"Saturday","date":"2026-09-12","status":"","open_time":"","close_time":"","session":"Morning","notes":"","active":"No","display_name":"Sand\nTrack"}},{"type":"Feature","geometry":{"type":"Polygon","coordinates":[[[-84.4372275,30.8370251],[-84.4373522,30.8364628],[-84.4373366,30.835887],[-84.4374146,30.8355522],[-84.4375862,30.8349229],[-84.4379136,30.8348518],[-84.4382879,30.8350125],[-84.438553,30.8353339],[-84.4385374,30.8358025],[-84.4383191,30.8367975],[-84.4379448,30.8371189],[-84.4372275,30.8370251]]]},"properties":{"track_name":"Sand Track","day_of_week":"Saturday","date":"2026-09-12","status":"","open_time":"","close_time":"","session":"Afternoon","notes":"","active":"No","display_name":"Sand\nTrack"}},{"type":"Feature","geometry":{"type":"Polygon","coordinates":[[[-84.4372275,30.8370251],[-84.4373522,30.8364628],[-84.4373366,30.835887],[-84.4374146,30.8355522],[-84.4375862,30.8349229],[-84.4379136,30.8348518],[-84.4382879,30.8350125],[-84.438553,30.8353339],[-84.4385374,30.8358025],[-84.4383191,30.8367975],[-84.4379448,30.8371189],[-84.4372275,30.8370251]]]},"properties":{"track_name":"Sand Track","day_of_week":"Saturday","date":"2026-09-12","status":"","open_time":"","close_time":"","session":"Evening","notes":"","active":"No","display_name":"Sand\nTrack"}},{"type":"Feature","geometry":{"type":"Polygon","coordinates":[[[-84.4397382,30.8355347],[-84.4401749,30.8355213],[-84.4402749,30.8364069],[-84.4397538,30.8363515],[-84.4397382,30.8355347]]]},"properties":{"track_name":"Drills Track","day_of_week":"Saturday","date":"2026-09-12","status":"","open_time":"","close_time":"","session":"Morning","notes":"","active":"No","display_name":"Drills\nTrack"}},{"type":"Feature","geometry":{"type":"Polygon","coordinates":[[[-84.4397382,30.8355347],[-84.4401749,30.8355213],[-84.4402749,30.8364069],[-84.4397538,30.8363515],[-84.4397382,30.8355347]]]},"properties":{"track_name":"Drills Track","day_of_week":"Saturday","date":"2026-09-12","status":"","open_time":"","close_time":"","session":"Afternoon","notes":"","active":"No","display_name":"Drills\nTrack"}},{"type":"Feature","geometry":{"type":"Polygon","coordinates":[[[-84.4397382,30.8355347],[-84.4401749,30.8355213],[-84.4402749,30.8364069],[-84.4397538,30.8363515],[-84.4397382,30.8355347]]]},"properties":{"track_name":"Drills Track","day_of_week":"Saturday","date":"2026-09-12","status":"","open_time":"","close_time":"","session":"Evening","notes":"","active":"No","display_name":"Drills\nTrack"}},{"type":"Feature","geometry":{"type":"Polygon","coordinates":[[[-84.4369523,30.8387197],[-84.4365408,30.8382057],[-84.4365408,30.8374206],[-84.4375695,30.8373814],[-84.4378666,30.8381701],[-84.4374094,30.8385823],[-84.4369523,30.8387197]]]},"properties":{"track_name":"Lower Turn Track","day_of_week":"Saturday","date":"2026-09-12","status":"","open_time":"","close_time":"","session":"Morning","notes":"","active":"No","display_name":"Lower\nTurn\nTrack"}},{"type":"Feature","geometry":{"type":"Polygon","coordinates":[[[-84.4369523,30.8387197],[-84.4365408,30.8382057],[-84.4365408,30.8374206],[-84.4375695,30.8373814],[-84.4378666,30.8381701],[-84.4374094,30.8385823],[-84.4369523,30.8387197]]]},"properties":{"track_name":"Lower Turn Track","day_of_week":"Saturday","date":"2026-09-12","status":"","open_time":"","close_time":"","session":"Afternoon","notes":"","active":"No","display_name":"Lower\nTurn\nTrack"}},{"type":"Feature","geometry":{"type":"Polygon","coordinates":[[[-84.4369523,30.8387197],[-84.4365408,30.8382057],[-84.4365408,30.8374206],[-84.4375695,30.8373814],[-84.4378666,30.8381701],[-84.4374094,30.8385823],[-84.4369523,30.8387197]]]},"properties":{"track_name":"Lower Turn Track","day_of_week":"Saturday","date":"2026-09-12","status":"","open_time":"","close_time":"","session":"Evening","notes":"","active":"No","display_name":"Lower\nTurn\nTrack"}},{"type":"Feature","geometry":{"type":"Polygon","coordinates":[[[-84.440356,30.8351075],[-84.4405692,30.8350836],[-84.4405878,30.8352189],[-84.4403839,30.8352587],[-84.440356,30.8351075]]]},"properties":{"track_name":"Gym","day_of_week":"Saturday","date":"2026-09-12","status":"","open_time":"","close_time":"","session":"Morning","notes":"","active":"No","display_name":"Gym"}},{"type":"Feature","geometry":{"type":"Polygon","coordinates":[[[-84.440356,30.8351075],[-84.4405692,30.8350836],[-84.4405878,30.8352189],[-84.4403839,30.8352587],[-84.440356,30.8351075]]]},"properties":{"track_name":"Gym","day_of_week":"Saturday","date":"2026-09-12","status":"","open_time":"","close_time":"","session":"Afternoon","notes":"","active":"No","display_name":"Gym"}},{"type":"Feature","geometry":{"type":"Polygon","coordinates":[[[-84.440356,30.8351075],[-84.4405692,30.8350836],[-84.4405878,30.8352189],[-84.4403839,30.8352587],[-84.440356,30.8351075]]]},"properties":{"track_name":"Gym","day_of_week":"Saturday","date":"2026-09-12","status":"","open_time":"","close_time":"","session":"Evening","notes":"","active":"No","display_name":"Gym"}},{"type":"Feature","geometry":{"type":"Polygon","coordinates":[[[-84.4409453,30.8384578],[-84.4404301,30.838219],[-84.4403668,30.8373717],[-84.4412469,30.8373488],[-84.4412904,30.8384081],[-84.4409453,30.8384578]]]},"properties":{"track_name":"Night Track / Vet Track","day_of_week":"Sunday","date":"2026-09-13","status":"","open_time":"","close_time":"","session":"Morning","notes":"","active":"No","display_name":"Night\nTrack\nVet\nTrack"}},{"type":"Feature","geometry":{"type":"Polygon","coordinates":[[[-84.4409453,30.8384578],[-84.4404301,30.838219],[-84.4403668,30.8373717],[-84.4412469,30.8373488],[-84.4412904,30.8384081],[-84.4409453,30.8384578]]]},"properties":{"track_name":"Night Track / Vet Track","day_of_week":"Sunday","date":"2026-09-13","status":"","open_time":"","close_time":"","session":"Afternoon","notes":"","active":"No","display_name":"Night\nTrack\nVet\nTrack"}},{"type":"Feature","geometry":{"type":"Polygon","coordinates":[[[-84.4409453,30.8384578],[-84.4404301,30.838219],[-84.4403668,30.8373717],[-84.4412469,30.8373488],[-84.4412904,30.8384081],[-84.4409453,30.8384578]]]},"properties":{"track_name":"Night Track / Vet Track","day_of_week":"Sunday","date":"2026-09-13","status":"","open_time":"","close_time":"","session":"Evening","notes":"","active":"No","display_name":"Night\nTrack\nVet\nTrack"}},{"type":"Feature","geometry":{"type":"Polygon","coordinates":[[[-84.4402749,30.8364069],[-84.4412349,30.8364187],[-84.4412469,30.8373488],[-84.44021685,30.83733603],[-84.44004073,30.83647645],[-84.4402749,30.8364069]]]},"properties":{"track_name":"Amateur Supercross Track","day_of_week":"Sunday","date":"2026-09-13","status":"","open_time":"","close_time":"","session":"Morning","notes":"","active":"No","display_name":"Amateur\nSupercross\nTrack"}},{"type":"Feature","geometry":{"type":"Polygon","coordinates":[[[-84.4402749,30.8364069],[-84.4412349,30.8364187],[-84.4412469,30.8373488],[-84.44021685,30.83733603],[-84.44004073,30.83647645],[-84.4402749,30.8364069]]]},"properties":{"track_name":"Amateur Supercross Track","day_of_week":"Sunday","date":"2026-09-13","status":"","open_time":"","close_time":"","session":"Afternoon","notes":"","active":"No","display_name":"Amateur\nSupercross\nTrack"}},{"type":"Feature","geometry":{"type":"Polygon","coordinates":[[[-84.4402749,30.8364069],[-84.4412349,30.8364187],[-84.4412469,30.8373488],[-84.44021685,30.83733603],[-84.44004073,30.83647645],[-84.4402749,30.8364069]]]},"properties":{"track_name":"Amateur Supercross Track","day_of_week":"Sunday","date":"2026-09-13","status":"","open_time":"","close_time":"","session":"Evening","notes":"","active":"No","display_name":"Amateur\nSupercross\nTrack"}},{"type":"Feature","geometry":{"type":"Polygon","coordinates":[[[-84.44111,30.8361674],[-84.441133,30.8360654],[-84.4412321,30.8354943],[-84.440814,30.8354136],[-84.4403742,30.8355287],[-84.4403329,30.836279],[-84.44111,30.8361674]]]},"properties":{"track_name":"Pro Supercross Track","day_of_week":"Sunday","date":"2026-09-13","status":"","open_time":"","close_time":"","session":"Morning","notes":"","active":"No","display_name":"Pro\nSupercross\nTrack"}},{"type":"Feature","geometry":{"type":"Polygon","coordinates":[[[-84.44111,30.8361674],[-84.441133,30.8360654],[-84.4412321,30.8354943],[-84.440814,30.8354136],[-84.4403742,30.8355287],[-84.4403329,30.836279],[-84.44111,30.8361674]]]},"properties":{"track_name":"Pro Supercross Track","day_of_week":"Sunday","date":"2026-09-13","status":"","open_time":"","close_time":"","session":"Afternoon","notes":"","active":"No","display_name":"Pro\nSupercross\nTrack"}},{"type":"Feature","geometry":{"type":"Polygon","coordinates":[[[-84.44111,30.8361674],[-84.441133,30.8360654],[-84.4412321,30.8354943],[-84.440814,30.8354136],[-84.4403742,30.8355287],[-84.4403329,30.836279],[-84.44111,30.8361674]]]},"properties":{"track_name":"Pro Supercross Track","day_of_week":"Sunday","date":"2026-09-13","status":"","open_time":"","close_time":"","session":"Evening","notes":"","active":"No","display_name":"Pro\nSupercross\nTrack"}},{"type":"Feature","geometry":{"type":"Polygon","coordinates":[[[-84.4397819,30.8410012],[-84.4392803,30.8412015],[-84.4390587,30.8412315],[-84.4385804,30.8406707],[-84.4380555,30.8401399],[-84.4376939,30.8396692],[-84.4374723,30.8392485],[-84.4376589,30.838918],[-84.4377522,30.8386476],[-84.4380438,30.8383571],[-84.4382188,30.8381869],[-84.4388254,30.8383872],[-84.4393736,30.8385374],[-84.4399102,30.8387277],[-84.4405051,30.8394388],[-84.4400968,30.8396992],[-84.4402018,30.8399195],[-84.4406567,30.8404503],[-84.4402485,30.8407208],[-84.4397819,30.8410012]]]},"properties":{"track_name":"National Motocross Track","day_of_week":"Sunday","date":"2026-09-13","status":"","open_time":"","close_time":"","session":"Morning","notes":"","active":"No","display_name":"National\nMotocross\nTrack"}},{"type":"Feature","geometry":{"type":"Polygon","coordinates":[[[-84.4397819,30.8410012],[-84.4392803,30.8412015],[-84.4390587,30.8412315],[-84.4385804,30.8406707],[-84.4380555,30.8401399],[-84.4376939,30.8396692],[-84.4374723,30.8392485],[-84.4376589,30.838918],[-84.4377522,30.8386476],[-84.4380438,30.8383571],[-84.4382188,30.8381869],[-84.4388254,30.8383872],[-84.4393736,30.8385374],[-84.4399102,30.8387277],[-84.4405051,30.8394388],[-84.4400968,30.8396992],[-84.4402018,30.8399195],[-84.4406567,30.8404503],[-84.4402485,30.8407208],[-84.4397819,30.8410012]]]},"properties":{"track_name":"National Motocross Track","day_of_week":"Sunday","date":"2026-09-13","status":"","open_time":"","close_time":"","session":"Afternoon","notes":"","active":"No","display_name":"National\nMotocross\nTrack"}},{"type":"Feature","geometry":{"type":"Polygon","coordinates":[[[-84.4397819,30.8410012],[-84.4392803,30.8412015],[-84.4390587,30.8412315],[-84.4385804,30.8406707],[-84.4380555,30.8401399],[-84.4376939,30.8396692],[-84.4374723,30.8392485],[-84.4376589,30.838918],[-84.4377522,30.8386476],[-84.4380438,30.8383571],[-84.4382188,30.8381869],[-84.4388254,30.8383872],[-84.4393736,30.8385374],[-84.4399102,30.8387277],[-84.4405051,30.8394388],[-84.4400968,30.8396992],[-84.4402018,30.8399195],[-84.4406567,30.8404503],[-84.4402485,30.8407208],[-84.4397819,30.8410012]]]},"properties":{"track_name":"National Motocross Track","day_of_week":"Sunday","date":"2026-09-13","status":"","open_time":"","close_time":"","session":"Evening","notes":"","active":"No","display_name":"National\nMotocross\nTrack"}},{"type":"Feature","geometry":{"type":"Polygon","coordinates":[[[-84.4372275,30.8370251],[-84.4373522,30.8364628],[-84.4373366,30.835887],[-84.4374146,30.8355522],[-84.4375862,30.8349229],[-84.4379136,30.8348518],[-84.4382879,30.8350125],[-84.438553,30.8353339],[-84.4385374,30.8358025],[-84.4383191,30.8367975],[-84.4379448,30.8371189],[-84.4372275,30.8370251]]]},"properties":{"track_name":"Sand Track","day_of_week":"Sunday","date":"2026-09-13","status":"","open_time":"","close_time":"","session":"Morning","notes":"","active":"No","display_name":"Sand\nTrack"}},{"type":"Feature","geometry":{"type":"Polygon","coordinates":[[[-84.4372275,30.8370251],[-84.4373522,30.8364628],[-84.4373366,30.835887],[-84.4374146,30.8355522],[-84.4375862,30.8349229],[-84.4379136,30.8348518],[-84.4382879,30.8350125],[-84.438553,30.8353339],[-84.4385374,30.8358025],[-84.4383191,30.8367975],[-84.4379448,30.8371189],[-84.4372275,30.8370251]]]},"properties":{"track_name":"Sand Track","day_of_week":"Sunday","date":"2026-09-13","status":"","open_time":"","close_time":"","session":"Afternoon","notes":"","active":"No","display_name":"Sand\nTrack"}},{"type":"Feature","geometry":{"type":"Polygon","coordinates":[[[-84.4372275,30.8370251],[-84.4373522,30.8364628],[-84.4373366,30.835887],[-84.4374146,30.8355522],[-84.4375862,30.8349229],[-84.4379136,30.8348518],[-84.4382879,30.8350125],[-84.438553,30.8353339],[-84.4385374,30.8358025],[-84.4383191,30.8367975],[-84.4379448,30.8371189],[-84.4372275,30.8370251]]]},"properties":{"track_name":"Sand Track","day_of_week":"Sunday","date":"2026-09-13","status":"","open_time":"","close_time":"","session":"Evening","notes":"","active":"No","display_name":"Sand\nTrack"}},{"type":"Feature","geometry":{"type":"Polygon","coordinates":[[[-84.4397382,30.8355347],[-84.4401749,30.8355213],[-84.4402749,30.8364069],[-84.4397538,30.8363515],[-84.4397382,30.8355347]]]},"properties":{"track_name":"Drills Track","day_of_week":"Sunday","date":"2026-09-13","status":"","open_time":"","close_time":"","session":"Morning","notes":"","active":"No","display_name":"Drills\nTrack"}},{"type":"Feature","geometry":{"type":"Polygon","coordinates":[[[-84.4397382,30.8355347],[-84.4401749,30.8355213],[-84.4402749,30.8364069],[-84.4397538,30.8363515],[-84.4397382,30.8355347]]]},"properties":{"track_name":"Drills Track","day_of_week":"Sunday","date":"2026-09-13","status":"","open_time":"","close_time":"","session":"Afternoon","notes":"","active":"No","display_name":"Drills\nTrack"}},{"type":"Feature","geometry":{"type":"Polygon","coordinates":[[[-84.4397382,30.8355347],[-84.4401749,30.8355213],[-84.4402749,30.8364069],[-84.4397538,30.8363515],[-84.4397382,30.8355347]]]},"properties":{"track_name":"Drills Track","day_of_week":"Sunday","date":"2026-09-13","status":"","open_time":"","close_time":"","session":"Evening","notes":"","active":"No","display_name":"Drills\nTrack"}},{"type":"Feature","geometry":{"type":"Polygon","coordinates":[[[-84.4369523,30.8387197],[-84.4365408,30.8382057],[-84.4365408,30.8374206],[-84.4375695,30.8373814],[-84.4378666,30.8381701],[-84.4374094,30.8385823],[-84.4369523,30.8387197]]]},"properties":{"track_name":"Lower Turn Track","day_of_week":"Sunday","date":"2026-09-13","status":"","open_time":"","close_time":"","session":"Morning","notes":"","active":"No","display_name":"Lower\nTurn\nTrack"}},{"type":"Feature","geometry":{"type":"Polygon","coordinates":[[[-84.4369523,30.8387197],[-84.4365408,30.8382057],[-84.4365408,30.8374206],[-84.4375695,30.8373814],[-84.4378666,30.8381701],[-84.4374094,30.8385823],[-84.4369523,30.8387197]]]},"properties":{"track_name":"Lower Turn Track","day_of_week":"Sunday","date":"2026-09-13","status":"","open_time":"","close_time":"","session":"Afternoon","notes":"","active":"No","display_name":"Lower\nTurn\nTrack"}},{"type":"Feature","geometry":{"type":"Polygon","coordinates":[[[-84.4369523,30.8387197],[-84.4365408,30.8382057],[-84.4365408,30.8374206],[-84.4375695,30.8373814],[-84.4378666,30.8381701],[-84.4374094,30.8385823],[-84.4369523,30.8387197]]]},"properties":{"track_name":"Lower Turn Track","day_of_week":"Sunday","date":"2026-09-13","status":"","open_time":"","close_time":"","session":"Evening","notes":"","active":"No","display_name":"Lower\nTurn\nTrack"}},{"type":"Feature","geometry":{"type":"Polygon","coordinates":[[[-84.440356,30.8351075],[-84.4405692,30.8350836],[-84.4405878,30.8352189],[-84.4403839,30.8352587],[-84.440356,30.8351075]]]},"properties":{"track_name":"Gym","day_of_week":"Sunday","date":"2026-09-13","status":"","open_time":"","close_time":"","session":"Morning","notes":"","active":"No","display_name":"Gym"}},{"type":"Feature","geometry":{"type":"Polygon","coordinates":[[[-84.440356,30.8351075],[-84.4405692,30.8350836],[-84.4405878,30.8352189],[-84.4403839,30.8352587],[-84.440356,30.8351075]]]},"properties":{"track_name":"Gym","day_of_week":"Sunday","date":"2026-09-13","status":"","open_time":"","close_time":"","session":"Afternoon","notes":"","active":"No","display_name":"Gym"}},{"type":"Feature","geometry":{"type":"Polygon","coordinates":[[[-84.440356,30.8351075],[-84.4405692,30.8350836],[-84.4405878,30.8352189],[-84.4403839,30.8352587],[-84.440356,30.8351075]]]},"properties":{"track_name":"Gym","day_of_week":"Sunday","date":"2026-09-13","status":"","open_time":"","close_time":"","session":"Evening","notes":"","active":"No","display_name":"Gym"}},{"type":"Feature","geometry":{"type":"Polygon","coordinates":[[[-84.4409453,30.8384578],[-84.4404301,30.838219],[-84.4403668,30.8373717],[-84.4412469,30.8373488],[-84.4412904,30.8384081],[-84.4409453,30.8384578]]]},"properties":{"track_name":"Night Track / Vet Track","day_of_week":"Monday","date":"2026-09-14","status":"","open_time":"","close_time":"","session":"Morning","notes":"","active":"No","display_name":"Night\nTrack\nVet\nTrack"}},{"type":"Feature","geometry":{"type":"Polygon","coordinates":[[[-84.4409453,30.8384578],[-84.4404301,30.838219],[-84.4403668,30.8373717],[-84.4412469,30.8373488],[-84.4412904,30.8384081],[-84.4409453,30.8384578]]]},"properties":{"track_name":"Night Track / Vet Track","day_of_week":"Monday","date":"2026-09-14","status":"","open_time":"","close_time":"","session":"Afternoon","notes":"","active":"No","display_name":"Night\nTrack\nVet\nTrack"}},{"type":"Feature","geometry":{"type":"Polygon","coordinates":[[[-84.4409453,30.8384578],[-84.4404301,30.838219],[-84.4403668,30.8373717],[-84.4412469,30.8373488],[-84.4412904,30.8384081],[-84.4409453,30.8384578]]]},"properties":{"track_name":"Night Track / Vet Track","day_of_week":"Monday","date":"2026-09-14","status":"","open_time":"","close_time":"","session":"Evening","notes":"","active":"No","display_name":"Night\nTrack\nVet\nTrack"}},{"type":"Feature","geometry":{"type":"Polygon","coordinates":[[[-84.4402749,30.8364069],[-84.4412349,30.8364187],[-84.4412469,30.8373488],[-84.44021685,30.83733603],[-84.44004073,30.83647645],[-84.4402749,30.8364069]]]},"properties":{"track_name":"Amateur Supercross Track","day_of_week":"Monday","date":"2026-09-14","status":"","open_time":"","close_time":"","session":"Morning","notes":"","active":"No","display_name":"Amateur\nSupercross\nTrack"}},{"type":"Feature","geometry":{"type":"Polygon","coordinates":[[[-84.4402749,30.8364069],[-84.4412349,30.8364187],[-84.4412469,30.8373488],[-84.44021685,30.83733603],[-84.44004073,30.83647645],[-84.4402749,30.8364069]]]},"properties":{"track_name":"Amateur Supercross Track","day_of_week":"Monday","date":"2026-09-14","status":"","open_time":"","close_time":"","session":"Afternoon","notes":"","active":"No","display_name":"Amateur\nSupercross\nTrack"}},{"type":"Feature","geometry":{"type":"Polygon","coordinates":[[[-84.4402749,30.8364069],[-84.4412349,30.8364187],[-84.4412469,30.8373488],[-84.44021685,30.83733603],[-84.44004073,30.83647645],[-84.4402749,30.8364069]]]},"properties":{"track_name":"Amateur Supercross Track","day_of_week":"Monday","date":"2026-09-14","status":"","open_time":"","close_time":"","session":"Evening","notes":"","active":"No","display_name":"Amateur\nSupercross\nTrack"}},{"type":"Feature","geometry":{"type":"Polygon","coordinates":[[[-84.44111,30.8361674],[-84.441133,30.8360654],[-84.4412321,30.8354943],[-84.440814,30.8354136],[-84.4403742,30.8355287],[-84.4403329,30.836279],[-84.44111,30.8361674]]]},"properties":{"track_name":"Pro Supercross Track","day_of_week":"Monday","date":"2026-09-14","status":"","open_time":"","close_time":"","session":"Morning","notes":"","active":"No","display_name":"Pro\nSupercross\nTrack"}},{"type":"Feature","geometry":{"type":"Polygon","coordinates":[[[-84.44111,30.8361674],[-84.441133,30.8360654],[-84.4412321,30.8354943],[-84.440814,30.8354136],[-84.4403742,30.8355287],[-84.4403329,30.836279],[-84.44111,30.8361674]]]},"properties":{"track_name":"Pro Supercross Track","day_of_week":"Monday","date":"2026-09-14","status":"","open_time":"","close_time":"","session":"Afternoon","notes":"","active":"No","display_name":"Pro\nSupercross\nTrack"}},{"type":"Feature","geometry":{"type":"Polygon","coordinates":[[[-84.44111,30.8361674],[-84.441133,30.8360654],[-84.4412321,30.8354943],[-84.440814,30.8354136],[-84.4403742,30.8355287],[-84.4403329,30.836279],[-84.44111,30.8361674]]]},"properties":{"track_name":"Pro Supercross Track","day_of_week":"Monday","date":"2026-09-14","status":"","open_time":"","close_time":"","session":"Evening","notes":"","active":"No","display_name":"Pro\nSupercross\nTrack"}},{"type":"Feature","geometry":{"type":"Polygon","coordinates":[[[-84.4397819,30.8410012],[-84.4392803,30.8412015],[-84.4390587,30.8412315],[-84.4385804,30.8406707],[-84.4380555,30.8401399],[-84.4376939,30.8396692],[-84.4374723,30.8392485],[-84.4376589,30.838918],[-84.4377522,30.8386476],[-84.4380438,30.8383571],[-84.4382188,30.8381869],[-84.4388254,30.8383872],[-84.4393736,30.8385374],[-84.4399102,30.8387277],[-84.4405051,30.8394388],[-84.4400968,30.8396992],[-84.4402018,30.8399195],[-84.4406567,30.8404503],[-84.4402485,30.8407208],[-84.4397819,30.8410012]]]},"properties":{"track_name":"National Motocross Track","day_of_week":"Monday","date":"2026-09-14","status":"","open_time":"","close_time":"","session":"Morning","notes":"","active":"No","display_name":"National\nMotocross\nTrack"}},{"type":"Feature","geometry":{"type":"Polygon","coordinates":[[[-84.4397819,30.8410012],[-84.4392803,30.8412015],[-84.4390587,30.8412315],[-84.4385804,30.8406707],[-84.4380555,30.8401399],[-84.4376939,30.8396692],[-84.4374723,30.8392485],[-84.4376589,30.838918],[-84.4377522,30.8386476],[-84.4380438,30.8383571],[-84.4382188,30.8381869],[-84.4388254,30.8383872],[-84.4393736,30.8385374],[-84.4399102,30.8387277],[-84.4405051,30.8394388],[-84.4400968,30.8396992],[-84.4402018,30.8399195],[-84.4406567,30.8404503],[-84.4402485,30.8407208],[-84.4397819,30.8410012]]]},"properties":{"track_name":"National Motocross Track","day_of_week":"Monday","date":"2026-09-14","status":"","open_time":"","close_time":"","session":"Afternoon","notes":"","active":"No","display_name":"National\nMotocross\nTrack"}},{"type":"Feature","geometry":{"type":"Polygon","coordinates":[[[-84.4397819,30.8410012],[-84.4392803,30.8412015],[-84.4390587,30.8412315],[-84.4385804,30.8406707],[-84.4380555,30.8401399],[-84.4376939,30.8396692],[-84.4374723,30.8392485],[-84.4376589,30.838918],[-84.4377522,30.8386476],[-84.4380438,30.8383571],[-84.4382188,30.8381869],[-84.4388254,30.8383872],[-84.4393736,30.8385374],[-84.4399102,30.8387277],[-84.4405051,30.8394388],[-84.4400968,30.8396992],[-84.4402018,30.8399195],[-84.4406567,30.8404503],[-84.4402485,30.8407208],[-84.4397819,30.8410012]]]},"properties":{"track_name":"National Motocross Track","day_of_week":"Monday","date":"2026-09-14","status":"","open_time":"","close_time":"","session":"Evening","notes":"","active":"No","display_name":"National\nMotocross\nTrack"}},{"type":"Feature","geometry":{"type":"Polygon","coordinates":[[[-84.4372275,30.8370251],[-84.4373522,30.8364628],[-84.4373366,30.835887],[-84.4374146,30.8355522],[-84.4375862,30.8349229],[-84.4379136,30.8348518],[-84.4382879,30.8350125],[-84.438553,30.8353339],[-84.4385374,30.8358025],[-84.4383191,30.8367975],[-84.4379448,30.8371189],[-84.4372275,30.8370251]]]},"properties":{"track_name":"Sand Track","day_of_week":"Monday","date":"2026-09-14","status":"","open_time":"","close_time":"","session":"Morning","notes":"","active":"No","display_name":"Sand\nTrack"}},{"type":"Feature","geometry":{"type":"Polygon","coordinates":[[[-84.4372275,30.8370251],[-84.4373522,30.8364628],[-84.4373366,30.835887],[-84.4374146,30.8355522],[-84.4375862,30.8349229],[-84.4379136,30.8348518],[-84.4382879,30.8350125],[-84.438553,30.8353339],[-84.4385374,30.8358025],[-84.4383191,30.8367975],[-84.4379448,30.8371189],[-84.4372275,30.8370251]]]},"properties":{"track_name":"Sand Track","day_of_week":"Monday","date":"2026-09-14","status":"","open_time":"","close_time":"","session":"Afternoon","notes":"","active":"No","display_name":"Sand\nTrack"}},{"type":"Feature","geometry":{"type":"Polygon","coordinates":[[[-84.4372275,30.8370251],[-84.4373522,30.8364628],[-84.4373366,30.835887],[-84.4374146,30.8355522],[-84.4375862,30.8349229],[-84.4379136,30.8348518],[-84.4382879,30.8350125],[-84.438553,30.8353339],[-84.4385374,30.8358025],[-84.4383191,30.8367975],[-84.4379448,30.8371189],[-84.4372275,30.8370251]]]},"properties":{"track_name":"Sand Track","day_of_week":"Monday","date":"2026-09-14","status":"","open_time":"","close_time":"","session":"Evening","notes":"","active":"No","display_name":"Sand\nTrack"}},{"type":"Feature","geometry":{"type":"Polygon","coordinates":[[[-84.4397382,30.8355347],[-84.4401749,30.8355213],[-84.4402749,30.8364069],[-84.4397538,30.8363515],[-84.4397382,30.8355347]]]},"properties":{"track_name":"Drills Track","day_of_week":"Monday","date":"2026-09-14","status":"","open_time":"","close_time":"","session":"Morning","notes":"","active":"No","display_name":"Drills\nTrack"}},{"type":"Feature","geometry":{"type":"Polygon","coordinates":[[[-84.4397382,30.8355347],[-84.4401749,30.8355213],[-84.4402749,30.8364069],[-84.4397538,30.8363515],[-84.4397382,30.8355347]]]},"properties":{"track_name":"Drills Track","day_of_week":"Monday","date":"2026-09-14","status":"","open_time":"","close_time":"","session":"Afternoon","notes":"","active":"No","display_name":"Drills\nTrack"}},{"type":"Feature","geometry":{"type":"Polygon","coordinates":[[[-84.4397382,30.8355347],[-84.4401749,30.8355213],[-84.4402749,30.8364069],[-84.4397538,30.8363515],[-84.4397382,30.8355347]]]},"properties":{"track_name":"Drills Track","day_of_week":"Monday","date":"2026-09-14","status":"","open_time":"","close_time":"","session":"Evening","notes":"","active":"No","display_name":"Drills\nTrack"}},{"type":"Feature","geometry":{"type":"Polygon","coordinates":[[[-84.4369523,30.8387197],[-84.4365408,30.8382057],[-84.4365408,30.8374206],[-84.4375695,30.8373814],[-84.4378666,30.8381701],[-84.4374094,30.8385823],[-84.4369523,30.8387197]]]},"properties":{"track_name":"Lower Turn Track","day_of_week":"Monday","date":"2026-09-14","status":"","open_time":"","close_time":"","session":"Morning","notes":"","active":"No","display_name":"Lower\nTurn\nTrack"}},{"type":"Feature","geometry":{"type":"Polygon","coordinates":[[[-84.4369523,30.8387197],[-84.4365408,30.8382057],[-84.4365408,30.8374206],[-84.4375695,30.8373814],[-84.4378666,30.8381701],[-84.4374094,30.8385823],[-84.4369523,30.8387197]]]},"properties":{"track_name":"Lower Turn Track","day_of_week":"Monday","date":"2026-09-14","status":"","open_time":"","close_time":"","session":"Afternoon","notes":"","active":"No","display_name":"Lower\nTurn\nTrack"}},{"type":"Feature","geometry":{"type":"Polygon","coordinates":[[[-84.4369523,30.8387197],[-84.4365408,30.8382057],[-84.4365408,30.8374206],[-84.4375695,30.8373814],[-84.4378666,30.8381701],[-84.4374094,30.8385823],[-84.4369523,30.8387197]]]},"properties":{"track_name":"Lower Turn Track","day_of_week":"Monday","date":"2026-09-14","status":"","open_time":"","close_time":"","session":"Evening","notes":"","active":"No","display_name":"Lower\nTurn\nTrack"}},{"type":"Feature","geometry":{"type":"Polygon","coordinates":[[[-84.440356,30.8351075],[-84.4405692,30.8350836],[-84.4405878,30.8352189],[-84.4403839,30.8352587],[-84.440356,30.8351075]]]},"properties":{"track_name":"Gym","day_of_week":"Monday","date":"2026-09-14","status":"","open_time":"","close_time":"","session":"Morning","notes":"","active":"No","display_name":"Gym"}},{"type":"Feature","geometry":{"type":"Polygon","coordinates":[[[-84.440356,30.8351075],[-84.4405692,30.8350836],[-84.4405878,30.8352189],[-84.4403839,30.8352587],[-84.440356,30.8351075]]]},"properties":{"track_name":"Gym","day_of_week":"Monday","date":"2026-09-14","status":"","open_time":"","close_time":"","session":"Afternoon","notes":"","active":"No","display_name":"Gym"}},{"type":"Feature","geometry":{"type":"Polygon","coordinates":[[[-84.440356,30.8351075],[-84.4405692,30.8350836],[-84.4405878,30.8352189],[-84.4403839,30.8352587],[-84.440356,30.8351075]]]},"properties":{"track_name":"Gym","day_of_week":"Monday","date":"2026-09-14","status":"","open_time":"","close_time":"","session":"Evening","notes":"","active":"No","display_name":"Gym"}},{"type":"Feature","geometry":{"type":"Polygon","coordinates":[[[-84.4409453,30.8384578],[-84.4404301,30.838219],[-84.4403668,30.8373717],[-84.4412469,30.8373488],[-84.4412904,30.8384081],[-84.4409453,30.8384578]]]},"properties":{"track_name":"Night Track / Vet Track","day_of_week":"Tuesday","date":"2026-09-15","status":"","open_time":"","close_time":"","session":"Morning","notes":"","active":"No","display_name":"Night\nTrack\nVet\nTrack"}},{"type":"Feature","geometry":{"type":"Polygon","coordinates":[[[-84.4409453,30.8384578],[-84.4404301,30.838219],[-84.4403668,30.8373717],[-84.4412469,30.8373488],[-84.4412904,30.8384081],[-84.4409453,30.8384578]]]},"properties":{"track_name":"Night Track / Vet Track","day_of_week":"Tuesday","date":"2026-09-15","status":"","open_time":"","close_time":"","session":"Afternoon","notes":"","active":"No","display_name":"Night\nTrack\nVet\nTrack"}},{"type":"Feature","geometry":{"type":"Polygon","coordinates":[[[-84.4409453,30.8384578],[-84.4404301,30.838219],[-84.4403668,30.8373717],[-84.4412469,30.8373488],[-84.4412904,30.8384081],[-84.4409453,30.8384578]]]},"properties":{"track_name":"Night Track / Vet Track","day_of_week":"Tuesday","date":"2026-09-15","status":"","open_time":"","close_time":"","session":"Evening","notes":"","active":"No","display_name":"Night\nTrack\nVet\nTrack"}},{"type":"Feature","geometry":{"type":"Polygon","coordinates":[[[-84.4402749,30.8364069],[-84.4412349,30.8364187],[-84.4412469,30.8373488],[-84.44021685,30.83733603],[-84.44004073,30.83647645],[-84.4402749,30.8364069]]]},"properties":{"track_name":"Amateur Supercross Track","day_of_week":"Tuesday","date":"2026-09-15","status":"","open_time":"","close_time":"","session":"Morning","notes":"","active":"No","display_name":"Amateur\nSupercross\nTrack"}},{"type":"Feature","geometry":{"type":"Polygon","coordinates":[[[-84.4402749,30.8364069],[-84.4412349,30.8364187],[-84.4412469,30.8373488],[-84.44021685,30.83733603],[-84.44004073,30.83647645],[-84.4402749,30.8364069]]]},"properties":{"track_name":"Amateur Supercross Track","day_of_week":"Tuesday","date":"2026-09-15","status":"","open_time":"","close_time":"","session":"Afternoon","notes":"","active":"No","display_name":"Amateur\nSupercross\nTrack"}},{"type":"Feature","geometry":{"type":"Polygon","coordinates":[[[-84.4402749,30.8364069],[-84.4412349,30.8364187],[-84.4412469,30.8373488],[-84.44021685,30.83733603],[-84.44004073,30.83647645],[-84.4402749,30.8364069]]]},"properties":{"track_name":"Amateur Supercross Track","day_of_week":"Tuesday","date":"2026-09-15","status":"","open_time":"","close_time":"","session":"Evening","notes":"","active":"No","display_name":"Amateur\nSupercross\nTrack"}},{"type":"Feature","geometry":{"type":"Polygon","coordinates":[[[-84.44111,30.8361674],[-84.441133,30.8360654],[-84.4412321,30.8354943],[-84.440814,30.8354136],[-84.4403742,30.8355287],[-84.4403329,30.836279],[-84.44111,30.8361674]]]},"properties":{"track_name":"Pro Supercross Track","day_of_week":"Tuesday","date":"2026-09-15","status":"","open_time":"","close_time":"","session":"Morning","notes":"","active":"No","display_name":"Pro\nSupercross\nTrack"}},{"type":"Feature","geometry":{"type":"Polygon","coordinates":[[[-84.44111,30.8361674],[-84.441133,30.8360654],[-84.4412321,30.8354943],[-84.440814,30.8354136],[-84.4403742,30.8355287],[-84.4403329,30.836279],[-84.44111,30.8361674]]]},"properties":{"track_name":"Pro Supercross Track","day_of_week":"Tuesday","date":"2026-09-15","status":"","open_time":"","close_time":"","session":"Afternoon","notes":"","active":"No","display_name":"Pro\nSupercross\nTrack"}},{"type":"Feature","geometry":{"type":"Polygon","coordinates":[[[-84.44111,30.8361674],[-84.441133,30.8360654],[-84.4412321,30.8354943],[-84.440814,30.8354136],[-84.4403742,30.8355287],[-84.4403329,30.836279],[-84.44111,30.8361674]]]},"properties":{"track_name":"Pro Supercross Track","day_of_week":"Tuesday","date":"2026-09-15","status":"","open_time":"","close_time":"","session":"Evening","notes":"","active":"No","display_name":"Pro\nSupercross\nTrack"}},{"type":"Feature","geometry":{"type":"Polygon","coordinates":[[[-84.4397819,30.8410012],[-84.4392803,30.8412015],[-84.4390587,30.8412315],[-84.4385804,30.8406707],[-84.4380555,30.8401399],[-84.4376939,30.8396692],[-84.4374723,30.8392485],[-84.4376589,30.838918],[-84.4377522,30.8386476],[-84.4380438,30.8383571],[-84.4382188,30.8381869],[-84.4388254,30.8383872],[-84.4393736,30.8385374],[-84.4399102,30.8387277],[-84.4405051,30.8394388],[-84.4400968,30.8396992],[-84.4402018,30.8399195],[-84.4406567,30.8404503],[-84.4402485,30.8407208],[-84.4397819,30.8410012]]]},"properties":{"track_name":"National Motocross Track","day_of_week":"Tuesday","date":"2026-09-15","status":"","open_time":"","close_time":"","session":"Morning","notes":"","active":"No","display_name":"National\nMotocross\nTrack"}},{"type":"Feature","geometry":{"type":"Polygon","coordinates":[[[-84.4397819,30.8410012],[-84.4392803,30.8412015],[-84.4390587,30.8412315],[-84.4385804,30.8406707],[-84.4380555,30.8401399],[-84.4376939,30.8396692],[-84.4374723,30.8392485],[-84.4376589,30.838918],[-84.4377522,30.8386476],[-84.4380438,30.8383571],[-84.4382188,30.8381869],[-84.4388254,30.8383872],[-84.4393736,30.8385374],[-84.4399102,30.8387277],[-84.4405051,30.8394388],[-84.4400968,30.8396992],[-84.4402018,30.8399195],[-84.4406567,30.8404503],[-84.4402485,30.8407208],[-84.4397819,30.8410012]]]},"properties":{"track_name":"National Motocross Track","day_of_week":"Tuesday","date":"2026-09-15","status":"","open_time":"","close_time":"","session":"Afternoon","notes":"","active":"No","display_name":"National\nMotocross\nTrack"}},{"type":"Feature","geometry":{"type":"Polygon","coordinates":[[[-84.4397819,30.8410012],[-84.4392803,30.8412015],[-84.4390587,30.8412315],[-84.4385804,30.8406707],[-84.4380555,30.8401399],[-84.4376939,30.8396692],[-84.4374723,30.8392485],[-84.4376589,30.838918],[-84.4377522,30.8386476],[-84.4380438,30.8383571],[-84.4382188,30.8381869],[-84.4388254,30.8383872],[-84.4393736,30.8385374],[-84.4399102,30.8387277],[-84.4405051,30.8394388],[-84.4400968,30.8396992],[-84.4402018,30.8399195],[-84.4406567,30.8404503],[-84.4402485,30.8407208],[-84.4397819,30.8410012]]]},"properties":{"track_name":"National Motocross Track","day_of_week":"Tuesday","date":"2026-09-15","status":"","open_time":"","close_time":"","session":"Evening","notes":"","active":"No","display_name":"National\nMotocross\nTrack"}},{"type":"Feature","geometry":{"type":"Polygon","coordinates":[[[-84.4372275,30.8370251],[-84.4373522,30.8364628],[-84.4373366,30.835887],[-84.4374146,30.8355522],[-84.4375862,30.8349229],[-84.4379136,30.8348518],[-84.4382879,30.8350125],[-84.438553,30.8353339],[-84.4385374,30.8358025],[-84.4383191,30.8367975],[-84.4379448,30.8371189],[-84.4372275,30.8370251]]]},"properties":{"track_name":"Sand Track","day_of_week":"Tuesday","date":"2026-09-15","status":"","open_time":"","close_time":"","session":"Morning","notes":"","active":"No","display_name":"Sand\nTrack"}},{"type":"Feature","geometry":{"type":"Polygon","coordinates":[[[-84.4372275,30.8370251],[-84.4373522,30.8364628],[-84.4373366,30.835887],[-84.4374146,30.8355522],[-84.4375862,30.8349229],[-84.4379136,30.8348518],[-84.4382879,30.8350125],[-84.438553,30.8353339],[-84.4385374,30.8358025],[-84.4383191,30.8367975],[-84.4379448,30.8371189],[-84.4372275,30.8370251]]]},"properties":{"track_name":"Sand Track","day_of_week":"Tuesday","date":"2026-09-15","status":"","open_time":"","close_time":"","session":"Afternoon","notes":"","active":"No","display_name":"Sand\nTrack"}},{"type":"Feature","geometry":{"type":"Polygon","coordinates":[[[-84.4372275,30.8370251],[-84.4373522,30.8364628],[-84.4373366,30.835887],[-84.4374146,30.8355522],[-84.4375862,30.8349229],[-84.4379136,30.8348518],[-84.4382879,30.8350125],[-84.438553,30.8353339],[-84.4385374,30.8358025],[-84.4383191,30.8367975],[-84.4379448,30.8371189],[-84.4372275,30.8370251]]]},"properties":{"track_name":"Sand Track","day_of_week":"Tuesday","date":"2026-09-15","status":"","open_time":"","close_time":"","session":"Evening","notes":"","active":"No","display_name":"Sand\nTrack"}},{"type":"Feature","geometry":{"type":"Polygon","coordinates":[[[-84.4397382,30.8355347],[-84.4401749,30.8355213],[-84.4402749,30.8364069],[-84.4397538,30.8363515],[-84.4397382,30.8355347]]]},"properties":{"track_name":"Drills Track","day_of_week":"Tuesday","date":"2026-09-15","status":"","open_time":"","close_time":"","session":"Morning","notes":"","active":"No","display_name":"Drills\nTrack"}},{"type":"Feature","geometry":{"type":"Polygon","coordinates":[[[-84.4397382,30.8355347],[-84.4401749,30.8355213],[-84.4402749,30.8364069],[-84.4397538,30.8363515],[-84.4397382,30.8355347]]]},"properties":{"track_name":"Drills Track","day_of_week":"Tuesday","date":"2026-09-15","status":"","open_time":"","close_time":"","session":"Afternoon","notes":"","active":"No","display_name":"Drills\nTrack"}},{"type":"Feature","geometry":{"type":"Polygon","coordinates":[[[-84.4397382,30.8355347],[-84.4401749,30.8355213],[-84.4402749,30.8364069],[-84.4397538,30.8363515],[-84.4397382,30.8355347]]]},"properties":{"track_name":"Drills Track","day_of_week":"Tuesday","date":"2026-09-15","status":"","open_time":"","close_time":"","session":"Evening","notes":"","active":"No","display_name":"Drills\nTrack"}},{"type":"Feature","geometry":{"type":"Polygon","coordinates":[[[-84.4369523,30.8387197],[-84.4365408,30.8382057],[-84.4365408,30.8374206],[-84.4375695,30.8373814],[-84.4378666,30.8381701],[-84.4374094,30.8385823],[-84.4369523,30.8387197]]]},"properties":{"track_name":"Lower Turn Track","day_of_week":"Tuesday","date":"2026-09-15","status":"","open_time":"","close_time":"","session":"Morning","notes":"","active":"No","display_name":"Lower\nTurn\nTrack"}},{"type":"Feature","geometry":{"type":"Polygon","coordinates":[[[-84.4369523,30.8387197],[-84.4365408,30.8382057],[-84.4365408,30.8374206],[-84.4375695,30.8373814],[-84.4378666,30.8381701],[-84.4374094,30.8385823],[-84.4369523,30.8387197]]]},"properties":{"track_name":"Lower Turn Track","day_of_week":"Tuesday","date":"2026-09-15","status":"","open_time":"","close_time":"","session":"Afternoon","notes":"","active":"No","display_name":"Lower\nTurn\nTrack"}},{"type":"Feature","geometry":{"type":"Polygon","coordinates":[[[-84.4369523,30.8387197],[-84.4365408,30.8382057],[-84.4365408,30.8374206],[-84.4375695,30.8373814],[-84.4378666,30.8381701],[-84.4374094,30.8385823],[-84.4369523,30.8387197]]]},"properties":{"track_name":"Lower Turn Track","day_of_week":"Tuesday","date":"2026-09-15","status":"","open_time":"","close_time":"","session":"Evening","notes":"","active":"No","display_name":"Lower\nTurn\nTrack"}},{"type":"Feature","geometry":{"type":"Polygon","coordinates":[[[-84.440356,30.8351075],[-84.4405692,30.8350836],[-84.4405878,30.8352189],[-84.4403839,30.8352587],[-84.440356,30.8351075]]]},"properties":{"track_name":"Gym","day_of_week":"Tuesday","date":"2026-09-15","status":"","open_time":"","close_time":"","session":"Morning","notes":"","active":"No","display_name":"Gym"}},{"type":"Feature","geometry":{"type":"Polygon","coordinates":[[[-84.440356,30.8351075],[-84.4405692,30.8350836],[-84.4405878,30.8352189],[-84.4403839,30.8352587],[-84.440356,30.8351075]]]},"properties":{"track_name":"Gym","day_of_week":"Tuesday","date":"2026-09-15","status":"","open_time":"","close_time":"","session":"Afternoon","notes":"","active":"No","display_name":"Gym"}},{"type":"Feature","geometry":{"type":"Polygon","coordinates":[[[-84.440356,30.8351075],[-84.4405692,30.8350836],[-84.4405878,30.8352189],[-84.4403839,30.8352587],[-84.440356,30.8351075]]]},"properties":{"track_name":"Gym","day_of_week":"Tuesday","date":"2026-09-15","status":"","open_time":"","close_time":"","session":"Evening","notes":"","active":"No","display_name":"Gym"}}]}